districtid,monthid,neighborhoodzscore,statezscore
101,1,0,0
101,2,-0.6,-0.27
101,3,-0.99,-0.39
101,4,-2.16,-0.45
101,5,-2.98,-0.46
101,6,-1.72,-0.5
102,1,0,0
102,2,12.1,11.72
102,3,0.23,0.99
102,4,-0.19,0.13
102,5,0.75,-0.3
102,6,1.03,-0.26
103,1,0,0
103,2,131.37,46.42
103,3,100.96,31.97
103,4,52.37,7.18
103,5,12.73,3.09
103,6,10.78,2.77
104,1,0,0
104,2,-0.92,-0.28
104,3,-0.75,-0.29
104,4,-0.73,-0.37
104,5,-0.5,0.1
104,6,-0.37,0.26
105,1,-0.44,0
105,2,-0.41,0
105,3,-0.45,0.7
105,4,-0.44,8.7
105,5,-0.42,14.75
105,6,-0.42,5.97
106,1,0,0
106,2,-0.04,0.37
106,3,-0.63,-0.22
106,4,-0.29,-0.02
106,5,0.9,0.95
106,6,0.16,0.66
107,1,0,0
107,2,4.43,-0.21
107,3,7.59,-0.21
107,4,4.05,-0.35
107,5,-0.62,-0.46
107,6,-1.0,-0.6
108,1,0,0
108,2,-1.49,-1.47
108,3,0.9,-0.2
108,4,2.5,0.79
108,5,0.91,0.04
108,6,0.73,0.04
109,1,0,0
109,2,0.44,0.9
109,3,0.1,0.64
109,4,-0.09,0.41
109,5,0.87,0.11
109,6,2.68,0.48
110,1,-0.71,0
110,2,-0.69,-0.41
110,3,-0.81,-0.63
110,4,-0.72,-0.48
110,5,-0.74,-0.54
110,6,-0.72,-0.41
111,1,0,0
111,2,-0.82,-0.29
111,3,-2.82,-0.4
111,4,-1.23,-0.46
111,5,-1.01,-0.32
111,6,-0.31,-0.13
112,1,0,0
112,2,0.89,-0.21
112,3,-0.2,-0.47
112,4,0.58,-0.1
112,5,-0.24,-0.6
112,6,-0.23,-0.66
113,1,0,0
113,2,-0.35,-0.28
113,3,-0.35,-0.07
113,4,0.72,1.44
113,5,3.35,3.64
113,6,0.64,1.45
114,1,0,0
114,2,0.84,0.19
114,3,5.46,-0.25
114,4,1.35,-0.29
114,5,1.14,0.71
114,6,0.03,0.86
115,1,0,0
115,2,-0.82,-0.51
115,3,-1.6,-0.18
115,4,-1.65,-0.59
115,5,-1.56,-0.59
115,6,-0.81,-0.52
116,1,0,0
116,2,1.6,-0.25
116,3,1.53,0.86
116,4,-0.63,-0.47
116,5,-2.61,-0.55
116,6,-1.13,-0.41
117,1,0,0
117,2,0.22,-0.26
117,3,0.05,-0.29
117,4,0.58,-0.39
117,5,0.38,-0.4
117,6,-0.11,-0.51
118,1,0,0
118,2,-1.37,-0.49
118,3,-0.95,-0.37
118,4,-0.79,-0.27
118,5,-0.64,-0.17
118,6,-0.38,-0.09
119,1,0,0
119,2,3.25,5.54
119,3,15.1,6.22
119,4,14.36,0.93
119,5,6.53,0.67
119,6,1.8,0.36
120,1,0,0
120,2,-0.79,-0.37
120,3,-2.24,-0.67
120,4,-1.61,-0.37
120,5,-0.39,-0.34
120,6,-0.5,-0.36
121,1,0,0
121,2,-0.63,-0.18
121,3,-0.65,-0.29
121,4,-0.75,-0.23
121,5,-1.05,-0.4
121,6,-1.06,-0.45
122,1,0,0
122,2,0.02,-0.11
122,3,1.82,1.24
122,4,1.77,1.96
122,5,1.48,0.9
122,6,0.96,0.03
123,1,0,0
123,2,3.18,3.8
123,3,0.83,1.14
123,4,-0.22,0.05
123,5,-0.09,0.06
123,6,0.12,0.08
124,1,0,0
124,2,2.31,0.01
124,3,-0.8,-0.75
124,4,-0.47,-0.41
124,5,-0.75,-0.49
124,6,-0.66,-0.68
125,1,0,0
125,2,0,0
125,3,-1.04,-0.31
125,4,-0.92,-0.25
125,5,-1.75,-0.31
125,6,-1.73,-0.6
126,1,0,0
126,2,2.1,-0.27
126,3,-0.68,-0.33
126,4,-0.65,-0.49
126,5,-0.46,-0.5
126,6,-0.24,-0.23
127,1,0,0
127,2,-1.6,-0.9
127,3,-1.99,-0.94
127,4,-1.58,-0.7
127,5,-0.2,-0.39
127,6,1.61,0.58
128,1,0,0
128,2,-0.23,0.09
128,3,-1.2,-0.25
128,4,-0.62,-0.29
128,5,-1.58,-0.54
128,6,-1.2,-0.57
129,1,0,0
129,2,1.29,0.16
129,3,-0.35,-0.2
129,4,-1.23,-0.32
129,5,-1.51,-0.63
129,6,-0.73,-0.48
130,1,0,0
130,2,-1.01,-0.66
130,3,-2.2,-1.38
130,4,-0.64,-0.71
130,5,-0.76,-0.63
130,6,-0.78,-0.8
131,1,0,0
131,2,0.23,-0.28
131,3,-0.22,-0.29
131,4,-0.98,-0.43
131,5,-1.68,-0.5
131,6,-1.8,-0.49
132,1,93.94,0
132,2,282.18,0
132,3,47.11,0
132,4,61.78,0
132,5,96.74,0
132,6,88.35,0
133,1,0,0
133,2,-0.39,-0.35
133,3,-1.34,-0.79
133,4,-1.02,-0.55
133,5,-0.89,-0.48
133,6,-0.23,-0.41
134,1,0,0
134,2,-0.12,-0.16
134,3,-0.09,-0.7
134,4,0.7,-0.29
134,5,-0.55,-0.38
134,6,0.61,-0.11
135,1,0,0
135,2,1.96,0.04
135,3,2.35,-0.08
135,4,1.66,0.1
135,5,0.26,0.02
135,6,-0.48,-0.18
136,1,0,0
136,2,-1.6,-0.58
136,3,0.05,0.37
136,4,1.08,-0.08
136,5,1.25,-0.03
136,6,1.57,0.17
137,1,0,0
137,2,-1.28,-0.56
137,3,-0.03,0.37
137,4,-0.32,-0.29
137,5,0.05,0.1
137,6,-0.15,-0.07
138,1,0,0
138,2,1.22,1.44
138,3,-0.98,-0.65
138,4,-0.02,-0.25
138,5,-0.34,-0.21
138,6,-0.72,-0.27
139,1,0,0
139,2,-0.7,-0.57
139,3,-1.08,-0.77
139,4,-0.13,-0.7
139,5,-0.83,-0.79
139,6,-2.24,-0.96
140,1,-0.41,0
140,2,-0.43,-0.31
140,3,-0.42,-0.16
140,4,-0.43,-0.01
140,5,-0.5,-0.63
140,6,-0.53,-0.62
141,1,0,0
141,2,1.42,-0.11
141,3,-0.01,-0.29
141,4,-0.61,-0.57
141,5,0.48,-0.23
141,6,-0.57,-0.26
142,1,0,0
142,2,-0.43,-0.3
142,3,-0.55,-0.37
142,4,-0.57,-0.38
142,5,-0.46,-0.43
142,6,-0.49,-0.46
143,1,0,0
143,2,0.89,-0.31
143,3,4.79,0.32
143,4,1.14,-0.35
143,5,0.44,-0.42
143,6,0.24,-0.47
144,1,0,0
144,2,8.49,1.68
144,3,0.08,0.17
144,4,1.06,-0.04
144,5,0.01,-0.15
144,6,0.13,0.09
145,1,0,0
145,2,-0.55,-0.5
145,3,0.02,-0.16
145,4,0.61,0.13
145,5,0.2,0.46
145,6,0.65,0.45
146,1,0,0
146,2,-0.89,-0.56
146,3,-1.78,-0.54
146,4,1.15,0.0
146,5,1.1,0.51
146,6,0.63,-0.05
147,1,0,0
147,2,-0.58,-0.37
147,3,0.32,-0.22
147,4,-0.95,-0.59
147,5,-1.19,-0.42
147,6,-0.88,-0.27
148,1,0,0
148,2,-0.4,-0.38
148,3,0.79,1.55
148,4,0.06,0.59
148,5,-0.43,-0.2
148,6,-0.52,-0.27
149,1,0,0
149,2,-0.54,-0.39
149,3,-0.37,-0.32
149,4,2.54,0.18
149,5,-0.92,-0.36
149,6,-1.96,-0.49
150,1,0,0
150,2,-1.91,-0.57
150,3,-0.91,-0.64
150,4,-0.77,-0.55
150,5,-1.05,-0.56
150,6,-0.87,-0.47
151,1,0,0
151,2,-0.75,-0.4
151,3,-2.06,-0.48
151,4,-0.76,-0.31
151,5,-0.68,-0.39
151,6,-0.69,-0.41
152,1,0,0
152,2,1.47,0.05
152,3,-1.02,-0.22
152,4,-0.54,-0.22
152,5,-0.21,-0.28
152,6,0.42,-0.32
153,1,0,0
153,2,4.75,-0.1
153,3,-1.27,-1.01
153,4,-0.38,-0.61
153,5,0.12,-0.6
153,6,2.15,-0.46
154,1,0,0
154,2,-1.0,-0.42
154,3,-1.01,-0.6
154,4,-1.37,-0.56
154,5,-0.34,0.04
154,6,-0.15,0.37
155,1,0,0
155,2,-0.28,-0.6
155,3,0.61,0.01
155,4,-0.23,-0.52
155,5,-0.2,-0.55
155,6,-0.36,-0.75
156,1,0,0
156,2,-0.61,-0.42
156,3,-0.02,-0.37
156,4,-0.28,-0.51
156,5,-0.42,-0.5
156,6,-0.17,-0.42
157,1,0,0
157,2,-0.55,-0.43
157,3,-0.53,-0.73
157,4,-1.21,-0.8
157,5,-0.31,-0.61
157,6,-0.04,-0.47
158,1,0,0
158,2,-0.58,-0.43
158,3,1.05,0.81
158,4,0.07,0.13
158,5,-0.33,-0.12
158,6,-0.22,0.21
159,1,0,0
159,2,1.09,1.5
159,3,1.76,1.63
159,4,0.95,1.99
159,5,-0.32,0.15
159,6,-0.58,-0.04
160,1,0,0
160,2,-0.54,-0.46
160,3,-0.55,-0.62
160,4,-0.95,-0.83
160,5,-0.52,-0.63
160,6,-0.59,-0.4
161,1,0,0
161,2,-0.1,-0.46
161,3,0.06,-0.19
161,4,3.4,0.28
161,5,6.01,1.18
161,6,2.67,0.56
162,1,0,0
162,2,-0.63,-0.32
162,3,-1.05,-0.79
162,4,1.53,-0.31
162,5,0.54,-0.39
162,6,2.02,-0.06
163,1,0,0
163,2,-0.64,-0.44
163,3,-0.68,-0.47
163,4,-0.08,0.5
163,5,-0.25,0.32
163,6,-0.47,-0.36
164,1,0,0
164,2,-1.21,-1.16
164,3,-0.67,-0.72
164,4,-0.77,-0.6
164,5,-0.58,-0.41
164,6,-0.64,-0.55
165,1,0,0
165,2,-0.86,-0.29
165,3,-0.56,-0.3
165,4,-0.57,-0.09
165,5,-0.48,0.31
165,6,-0.71,-0.33
166,1,0,0
166,2,-0.46,-0.41
166,3,-0.24,-0.97
166,4,-0.19,-0.3
166,5,-0.44,-0.14
166,6,-0.41,-0.25
167,1,0,0
167,2,0.48,-0.11
167,3,3.61,0.84
167,4,0.08,-0.34
167,5,0.29,-0.17
167,6,0.0,-0.24
168,1,0,0
168,2,0.28,-0.65
168,3,-0.22,-0.54
168,4,0.43,-0.47
168,5,4.06,-0.04
168,6,5.48,0.21
169,1,0,0
169,2,-0.51,-0.3
169,3,-0.58,-0.31
169,4,-0.59,-0.42
169,5,-0.75,-0.42
169,6,-0.66,-0.48
170,1,0,0
170,2,0.2,1.22
170,3,1.31,1.9
170,4,-0.09,0.61
170,5,-0.24,0.27
170,6,0.05,0.61
171,1,-0.35,0
171,2,3.54,2.5
171,3,-0.05,-0.01
171,4,-0.83,-0.29
171,5,0.55,0.06
171,6,0.35,0.13
172,1,0,0
172,2,-0.84,-0.68
172,3,-0.52,-0.65
172,4,-0.44,-0.25
172,5,-0.41,-0.22
172,6,-0.43,-0.33
173,1,0,0
173,2,5.13,2.41
173,3,59.32,0.95
173,4,263.23,42.13
173,5,94.51,34.67
173,6,97.9,24.23
174,1,0,0
174,2,-0.88,-0.31
174,3,-0.55,-0.31
174,4,-0.47,-0.29
174,5,-0.52,-0.33
174,6,-0.3,-0.16
175,1,0,0
175,2,-0.94,-0.55
175,3,-0.75,-0.35
175,4,-1.72,-0.42
175,5,-1.65,-0.44
175,6,-1.11,-0.55
176,1,0,0
176,2,-0.66,0.05
176,3,-0.35,0.24
176,4,-1.05,-0.34
176,5,0.25,-0.27
176,6,0.14,-0.14
177,1,0,0
177,2,0.71,0.55
177,3,1.65,2.7
177,4,5.91,1.63
177,5,2.7,0.4
177,6,1.63,0.5
178,1,0,0
178,2,-0.49,-0.3
178,3,-0.48,-0.32
178,4,-0.44,-0.43
178,5,-0.54,-0.53
178,6,-0.51,-0.63
179,1,0,0
179,2,-0.45,-0.42
179,3,9.11,1.83
179,4,2.2,1.74
179,5,0.03,0.25
179,6,-0.26,-0.2
180,1,0,0
180,2,-1.05,-0.46
180,3,-0.92,-0.31
180,4,-0.68,-0.07
180,5,-0.69,-0.14
180,6,-0.75,-0.22
181,1,0,0
181,2,-0.69,0.1
181,3,-0.7,-0.26
181,4,-0.6,0.03
181,5,-0.3,0.28
181,6,-0.29,0.23
182,1,0,0
182,2,-0.93,-0.43
182,3,0.2,-0.31
182,4,-0.19,-0.56
182,5,0.33,-0.04
182,6,0.97,0.14
183,1,0,0
183,2,-0.47,-0.25
183,3,-0.08,-0.1
183,4,-0.65,0.26
183,5,-1.26,-0.38
183,6,-1.25,-0.5
184,1,0,0
184,2,-0.33,-0.56
184,3,-0.56,-0.31
184,4,1.51,-0.12
184,5,-0.71,-0.69
184,6,0.02,-0.74
185,1,0,0
185,2,-0.13,0.5
185,3,-0.22,-0.39
185,4,-0.44,-0.27
185,5,-0.4,0.1
185,6,-0.46,-0.25
186,1,0,0
186,2,30.24,2.87
186,3,98.0,3.83
186,4,68.14,5.52
186,5,40.39,6.41
186,6,26.55,3.15
187,1,-0.5,0
187,2,-0.51,0.89
187,3,-0.51,0.31
187,4,-0.49,0.6
187,5,-0.59,-0.53
187,6,-0.66,-0.95
188,1,-0.5,0
188,2,-0.5,-0.42
188,3,-0.51,-1.12
188,4,-0.5,-0.63
188,5,-0.5,-0.38
188,6,-0.5,-0.35
189,1,0,0
189,2,-0.26,-0.2
189,3,-0.06,0.33
189,4,-0.54,-0.29
189,5,-0.93,-0.43
189,6,-0.95,-0.31
190,1,0,0
190,2,-0.48,-0.49
190,3,-0.53,-0.53
190,4,0.58,1.04
190,5,0.49,1.01
190,6,0.57,0.79
191,1,0,0
191,2,-0.45,-0.43
191,3,1.17,2.19
191,4,0.63,0.29
191,5,6.26,0.29
191,6,4.91,0.19
192,1,0,0
192,2,-0.49,-0.1
192,3,-0.65,-0.34
192,4,-1.18,-0.58
192,5,-0.89,-0.57
192,6,-0.85,-0.3
193,1,0,0
193,2,1.16,-0.4
193,3,3.06,-0.26
193,4,0.23,-0.56
193,5,-0.07,-0.54
193,6,0.07,-0.6
194,1,0,0
194,2,-1.0,-0.45
194,3,-2.79,-0.73
194,4,-0.71,-0.33
194,5,-1.01,-0.35
194,6,0.59,0.29
195,1,0,0
195,2,-0.49,-0.06
195,3,-0.51,-0.43
195,4,-0.6,-0.35
195,5,-1.04,-0.43
195,6,-1.13,-0.52
196,1,0,0
196,2,0.07,-0.22
196,3,-0.8,-0.63
196,4,-1.79,-0.56
196,5,-1.29,-0.59
196,6,-1.29,-0.72
197,1,0,0
197,2,-0.81,-0.53
197,3,-1.27,-0.75
197,4,-1.01,-0.39
197,5,-0.98,-0.49
197,6,-0.72,-0.3
198,1,0,0
198,2,0.12,1.14
198,3,-1.15,-0.04
198,4,-0.6,0.28
198,5,-0.21,0.29
198,6,0.15,0.4
199,1,0,0
199,2,-0.25,0.37
199,3,-0.01,0.96
199,4,-0.3,0.45
199,5,-0.59,-0.36
199,6,-0.52,-0.37
200,1,0,0
200,2,-0.95,-0.31
200,3,-0.78,-0.32
200,4,-0.49,-0.43
200,5,-0.25,-0.46
200,6,-0.33,-0.59
201,1,0,0
201,2,-1.08,-0.53
201,3,-1.1,-0.79
201,4,-0.98,-0.76
201,5,-0.6,-0.53
201,6,-0.63,-0.39
202,1,0,0
202,2,-0.12,0.16
202,3,-0.16,0.74
202,4,-0.64,-0.32
202,5,-0.81,-0.53
202,6,-0.74,-0.55
203,1,0,0
203,2,0.57,1.02
203,3,-0.66,-0.75
203,4,-0.59,-0.44
203,5,-0.09,-0.09
203,6,-0.65,-0.42
204,1,0,0
204,2,-1.03,-0.62
204,3,-0.67,-0.73
204,4,-0.63,-0.77
204,5,-0.44,-1.1
204,6,-0.56,-1.22
205,1,0,0
205,2,0.1,1.13
205,3,-0.95,-0.34
205,4,-1.04,-0.66
205,5,-0.29,-0.17
205,6,-0.35,-0.21
206,1,0,0
206,2,-0.7,-0.6
206,3,-0.49,-0.84
206,4,-0.75,-0.91
206,5,-1.23,-0.91
206,6,-0.36,-0.9
207,1,0,0
207,2,-0.85,-0.65
207,3,-0.8,-0.85
207,4,-1.31,-1.14
207,5,-1.07,-0.92
207,6,-1.01,-1.04
208,1,-0.71,0
208,2,0,0
208,3,-0.74,-0.46
208,4,-0.76,-0.72
208,5,-0.83,-0.7
208,6,-0.81,-0.66
209,1,0,0
209,2,-0.78,-0.58
209,3,-0.99,-0.72
209,4,0.02,-0.22
209,5,-0.41,-0.21
209,6,-0.48,-0.38
210,1,0,0
210,2,8.71,0
210,3,14.29,0
210,4,0.55,0
210,5,2.53,0
210,6,2.35,0
211,1,-0.45,0
211,2,-0.61,-0.31
211,3,-0.55,-0.34
211,4,-0.46,-0.45
211,5,-0.52,-0.53
211,6,-0.57,-0.55
212,1,-0.5,0
212,2,-0.5,0
212,3,-0.46,25.88
212,4,-0.49,1.52
212,5,-0.49,0.64
212,6,-0.49,0.89
213,1,0,0
213,2,-0.6,-0.58
213,3,-0.95,-0.38
213,4,-3.0,-0.56
213,5,-1.54,-0.83
213,6,-2.36,-1.58
214,1,0,0
214,2,-0.74,-0.47
214,3,-1.34,-0.53
214,4,-0.56,-0.03
214,5,-1.02,-0.46
214,6,-0.8,-0.54
215,1,0,0
215,2,29.43,43.07
215,3,59.65,98.04
215,4,45.7,35.93
215,5,21.73,11.0
215,6,16.69,10.62
216,1,0,0
216,2,-0.73,-0.26
216,3,-0.06,-0.22
216,4,-0.64,-0.41
216,5,-0.32,-0.12
216,6,-0.57,-0.33
217,1,0,0
217,2,-0.62,-0.27
217,3,-0.56,-0.29
217,4,-0.6,-0.34
217,5,-0.58,-0.39
217,6,-0.5,-0.36
218,1,0,0
218,2,-0.53,-0.44
218,3,-0.45,-0.39
218,4,-0.57,-0.38
218,5,-0.85,-0.52
218,6,-1.02,-0.55
219,1,0,0
219,2,-0.76,-0.3
219,3,0.11,-0.25
219,4,-0.87,-0.6
219,5,-0.79,-0.45
219,6,-0.89,-0.91
220,1,0,0
220,2,-0.69,-0.65
220,3,-0.71,-0.68
220,4,-0.8,-0.93
220,5,-1.19,-0.87
220,6,-1.56,-0.53
221,1,0,0
221,2,-0.75,-0.34
221,3,-0.92,-0.64
221,4,-0.95,-1.14
221,5,-0.86,-1.23
221,6,-1.17,-0.86
222,1,0,0
222,2,-0.16,-0.4
222,3,0.39,-0.46
222,4,-0.73,-0.62
222,5,-0.54,-0.63
222,6,-0.49,-0.56
223,1,0,0
223,2,-0.07,-0.07
223,3,-0.19,0.37
223,4,0.4,1.23
223,5,1.01,-0.06
223,6,1.77,0.88
224,1,0,0
224,2,1.01,0.41
224,3,-0.78,-0.66
224,4,-1.23,-0.78
224,5,-0.64,-0.56
224,6,-0.34,-0.31
225,1,0,0
225,2,0.65,-0.43
225,3,-0.17,-0.36
225,4,-0.93,-0.35
225,5,-0.6,-0.46
225,6,-0.87,-0.46
226,1,0,0
226,2,1.18,-0.51
226,3,-0.54,-0.55
226,4,4.9,-0.17
226,5,8.05,0.88
226,6,8.07,3.94
227,1,-0.71,0
227,2,-0.69,-0.44
227,3,-0.62,-0.25
227,4,-0.74,-0.56
227,5,-0.7,-0.48
227,6,-0.7,-0.37
228,1,0,0
228,2,2.16,3.59
228,3,0.15,-0.22
228,4,0.67,-0.24
228,5,1.17,0.08
228,6,1.92,3.0
229,1,0,0
229,2,-0.55,-0.27
229,3,0.94,1.18
229,4,1.57,0.66
229,5,0.63,0.47
229,6,0.86,1.63
230,1,0,0
230,2,-1.0,0
230,3,-1.03,26.0
230,4,-1.02,0.5
230,5,-0.99,0.9
230,6,-0.94,2.76
231,1,0,0
231,2,-0.02,-0.34
231,3,-0.03,-0.39
231,4,0.98,-0.34
231,5,3.45,-0.18
231,6,0.2,-0.33
232,1,0,0
232,2,0,-0.45
232,3,-0.62,-1.18
232,4,0.39,-0.38
232,5,-0.74,-0.35
232,6,-0.84,-0.41
233,1,0,0
233,2,-1.53,-0.46
233,3,-13.17,-0.61
233,4,-0.86,-0.48
233,5,0.01,-0.4
233,6,1.69,-0.4
234,1,0,0
234,2,2.78,0.13
234,3,-0.2,-0.03
234,4,8.88,5.56
234,5,1.98,1.47
234,6,1.63,0.87
235,1,0,0
235,2,0,0
235,3,0,0
235,4,0,0
235,5,0,0
235,6,0,0
236,1,0,0
236,2,-0.48,-0.27
236,3,-0.6,-0.28
236,4,-0.67,-0.41
236,5,-0.29,-0.16
236,6,-0.33,-0.23
237,1,0,0
237,2,-0.64,-0.49
237,3,-0.81,-0.48
237,4,-0.78,-0.43
237,5,-0.75,-0.59
237,6,-0.75,-0.66
238,1,0,0
238,2,0.14,-0.07
238,3,-0.21,-0.16
238,4,-0.22,-0.05
238,5,-1.21,-0.47
238,6,-1.45,-0.34
239,1,0,0
239,2,0.16,-0.46
239,3,0.96,-0.42
239,4,3.91,-0.23
239,5,3.67,-0.28
239,6,1.94,-0.36
240,1,0,0
240,2,-1.08,-0.28
240,3,-0.71,-0.31
240,4,-1.15,-0.36
240,5,-0.87,-0.25
240,6,-0.91,-0.17
241,1,0,0
241,2,-0.49,-0.48
241,3,-0.75,-0.71
241,4,-0.85,-0.52
241,5,-0.85,-0.67
241,6,-0.69,-0.52
242,1,0,0
242,2,29.08,6.66
242,3,1.53,-0.27
242,4,-0.29,-0.59
242,5,0.0,0.19
242,6,0.44,0.97
243,1,0,0
243,2,1.63,2.23
243,3,3.6,2.67
243,4,3.8,2.63
243,5,0.97,0.89
243,6,1.58,1.78
244,1,0,0
244,2,177.47,0
244,3,32.56,0
244,4,49.06,0
244,5,21.1,0
244,6,32.91,0
245,1,0,0
245,2,-1.27,-0.3
245,3,-0.27,-0.55
245,4,-1.02,-0.52
245,5,-1.7,-0.64
245,6,-2.16,-0.87
246,1,0,0
246,2,-0.61,-0.26
246,3,-1.0,-0.99
246,4,-0.28,-0.37
246,5,-0.08,-0.12
246,6,0.36,-0.33
247,1,0,0
247,2,-0.43,-0.53
247,3,0.65,0.17
247,4,-0.85,-0.23
247,5,0.01,0.13
247,6,-0.01,0.12
248,1,0,0
248,2,-0.25,-0.4
248,3,-1.55,-0.49
248,4,-0.97,-0.43
248,5,-1.21,-0.59
248,6,-0.93,-0.54
249,1,0,0
249,2,-0.43,-0.06
249,3,-0.47,-0.06
249,4,-0.38,-0.11
249,5,-0.49,-0.28
249,6,-0.48,-0.34
250,1,0,0
250,2,301.0,334.91
250,3,0.08,-0.47
250,4,-0.69,-0.98
250,5,-0.08,-0.42
250,6,1.98,-0.28
251,1,0,0
251,2,-0.46,-0.46
251,3,-0.74,-1.08
251,4,-0.69,-0.74
251,5,-0.6,-0.43
251,6,-0.52,-0.35
252,1,0,0
252,2,-0.29,-0.26
252,3,2.0,0.7
252,4,3.39,0.84
252,5,0.38,0.25
252,6,1.14,0.57
253,1,0,0
253,2,-0.35,0.08
253,3,-0.52,-0.24
253,4,-0.49,-0.28
253,5,-0.49,-0.17
253,6,-0.43,-0.13
254,1,0,0
254,2,-0.64,-0.49
254,3,-0.81,-0.6
254,4,-0.95,-0.84
254,5,-1.13,-1.09
254,6,-1.12,-1.31
255,1,0,0
255,2,-0.53,0.32
255,3,-0.12,-0.52
255,4,5.83,2.15
255,5,1.56,1.55
255,6,0.83,0.7
256,1,0,0
256,2,-0.9,-0.33
256,3,-0.97,-0.55
256,4,-1.36,-0.49
256,5,-0.59,-0.39
256,6,-0.67,-0.47
257,1,0,0
257,2,-0.52,-0.42
257,3,-0.73,-0.66
257,4,0.4,0.85
257,5,-0.23,-0.18
257,6,0.61,-0.17
258,1,0,0
258,2,-0.4,-0.3
258,3,-0.22,-0.31
258,4,-0.22,-0.37
258,5,-0.27,-0.41
258,6,-0.21,-0.43
259,1,-0.71,0
259,2,-0.71,0
259,3,-0.71,1.48
259,4,-0.71,1.11
259,5,-0.66,7.69
259,6,-0.71,1.56
260,1,0,0
260,2,0.79,-0.22
260,3,0.07,-0.33
260,4,-0.47,-0.59
260,5,0.09,-0.11
260,6,0.55,0.03
261,1,0,0
261,2,-0.48,-0.26
261,3,-0.65,-0.29
261,4,-0.57,-0.54
261,5,-0.53,-0.61
261,6,-0.58,-0.51
262,1,0,0
262,2,0,0
262,3,0,0
262,4,0,0
262,5,0,0
262,6,0,0
263,1,0,0
263,2,-0.58,-0.82
263,3,-0.84,-0.93
263,4,-0.43,-0.68
263,5,-0.71,-0.54
263,6,-0.71,-0.59
264,1,0,0
264,2,-0.45,-0.27
264,3,-0.82,-1.06
264,4,-0.97,-0.78
264,5,-1.32,-0.64
264,6,-0.2,-0.47
265,1,0,0
265,2,-0.68,-0.51
265,3,2.22,0.26
265,4,0.12,-0.57
265,5,-0.07,-0.58
265,6,0.29,-0.46
266,1,0,0
266,2,22.0,4.27
266,3,-0.3,-0.38
266,4,-0.19,0.32
266,5,0.07,0.73
266,6,0.09,0.8
267,1,0,0
267,2,-0.32,-0.44
267,3,0.96,-0.18
267,4,-0.41,-0.29
267,5,1.0,0.19
267,6,1.52,0.86
268,1,0,0
268,2,0,-0.33
268,3,-0.91,-0.83
268,4,-0.58,-0.4
268,5,-0.76,-0.48
268,6,-0.02,-0.21
269,1,-0.5,0
269,2,-0.51,-0.7
269,3,-0.36,1.03
269,4,-0.36,1.42
269,5,0.83,3.01
269,6,0.57,3.46
270,1,-1.0,0
270,2,-1.0,-0.35
270,3,-1.0,-0.9
270,4,-1.0,-0.39
270,5,-1.0,-0.42
270,6,-1.0,-0.44
271,1,0,0
271,2,0,0
271,3,-0.93,-0.58
271,4,-0.61,-0.33
271,5,-0.2,0.3
271,6,-0.54,-0.0
272,1,0,0
272,2,0,0
272,3,5.34,4.49
272,4,16.5,22.37
272,5,11.56,13.7
272,6,20.04,9.57
273,1,-0.5,0
273,2,-0.5,0
273,3,-0.49,6.36
273,4,-0.5,-0.31
273,5,-0.49,0.43
273,6,-0.5,0.43
274,1,0,0
274,2,-0.27,-0.28
274,3,5.03,3.18
274,4,3.84,6.45
274,5,11.86,2.64
274,6,2.91,3.04
275,1,0,0
275,2,-0.66,-0.96
275,3,-0.33,-0.98
275,4,-0.21,0.16
275,5,0.04,0.26
275,6,-0.05,0.32
276,1,0,0
276,2,-1.2,-0.56
276,3,-0.57,-0.69
276,4,-0.26,-0.81
276,5,-0.59,-1.1
276,6,-0.17,-0.15
277,1,0,0
277,2,-0.57,-0.41
277,3,-0.71,-0.61
277,4,-1.22,-0.47
277,5,-0.47,-0.56
277,6,-0.73,-0.53
278,1,0,0
278,2,-0.62,-0.62
278,3,-0.2,-0.17
278,4,0.93,-0.16
278,5,0.52,-0.4
278,6,2.39,-0.23
279,1,-0.58,0
279,2,-0.58,1.47
279,3,-0.6,1.01
279,4,-0.51,4.41
279,5,-0.38,6.21
279,6,-0.51,2.36
280,1,0,0
280,2,-0.78,-0.6
280,3,6.54,0.02
280,4,-1.28,-0.55
280,5,-0.97,-0.54
280,6,-0.62,-0.41
281,1,0,0
281,2,0.55,-0.43
281,3,-0.51,-0.59
281,4,0.96,-0.33
281,5,-0.81,-0.53
281,6,-0.34,-0.44
282,1,0,0
282,2,-0.49,-0.45
282,3,0.18,-0.32
282,4,-0.65,-0.52
282,5,-0.21,-0.77
282,6,-0.39,-1.0
283,1,0,0
283,2,-0.43,-0.34
283,3,-0.94,-0.52
283,4,-1.14,-0.55
283,5,-0.92,-0.46
283,6,-1.15,-0.66
284,1,0,0
284,2,-0.41,-0.48
284,3,-0.04,-0.33
284,4,-0.29,-0.46
284,5,-0.33,-0.46
284,6,-0.41,-0.48
285,1,0,0
285,2,0.51,-0.68
285,3,-0.47,-0.73
285,4,-1.3,-0.64
285,5,-0.04,-0.58
285,6,0.04,-0.67
286,1,0,0
286,2,-0.65,-0.66
286,3,-0.66,-0.92
286,4,-0.27,-0.48
286,5,-0.05,-0.36
286,6,0.01,-0.28
287,1,0,0
287,2,0.01,2.25
287,3,0.76,0.36
287,4,-0.59,-0.34
287,5,-1.5,-0.57
287,6,-0.35,-0.44
288,1,0,0
288,2,-0.71,-0.39
288,3,-0.56,-0.65
288,4,-0.61,-0.74
288,5,-0.93,-0.5
288,6,-0.81,-0.19
289,1,-0.38,0
289,2,-0.38,-0.33
289,3,-0.37,-0.35
289,4,-0.38,-0.47
289,5,-0.38,-0.57
289,6,-0.42,-0.73
290,1,0,0
290,2,-0.58,-0.34
290,3,-0.27,-0.15
290,4,-0.46,0.22
290,5,-0.92,0.01
290,6,-1.03,-0.61
291,1,0,0
291,2,-0.84,-0.4
291,3,-1.57,-1.1
291,4,-1.03,-0.48
291,5,-0.62,-0.23
291,6,-0.46,0.12
292,1,0,0
292,2,-0.46,0.53
292,3,-0.44,0.41
292,4,-0.4,-0.05
292,5,-0.23,-0.08
292,6,-0.15,-0.13
293,1,0,0
293,2,-0.82,-0.57
293,3,-0.59,-0.83
293,4,-0.77,-0.71
293,5,-0.55,-0.55
293,6,-0.83,-0.52
294,1,0,0
294,2,139.82,17.12
294,3,4.42,4.81
294,4,7.56,12.86
294,5,1.62,7.3
294,6,-0.15,0.98
295,1,0,0
295,2,0.28,1.65
295,3,-0.07,0.09
295,4,-0.55,-0.26
295,5,-0.47,-0.11
295,6,-0.45,-0.35
296,1,0,0
296,2,-0.46,-0.41
296,3,-1.03,-1.08
296,4,-0.42,-0.48
296,5,-0.55,-0.37
296,6,-0.55,-0.39
297,1,-0.41,0
297,2,-0.37,3.1
297,3,-0.38,5.26
297,4,-0.37,4.76
297,5,-0.33,0.61
297,6,-0.35,0.2
298,1,0,0
298,2,-1.12,-0.94
298,3,0.65,-0.24
298,4,0.79,-0.0
298,5,2.53,0.38
298,6,2.18,0.13
299,1,-0.5,0
299,2,-0.5,2.1
299,3,-0.49,3.89
299,4,-0.45,7.0
299,5,-0.37,0.7
299,6,-0.39,0.38
300,1,0,0
300,2,-0.57,-0.46
300,3,0.25,0.66
300,4,-0.28,-0.18
300,5,-0.34,-0.05
300,6,-0.15,-0.23
301,1,0,0
301,2,7.84,-0.35
301,3,0.75,-0.39
301,4,-0.58,-0.37
301,5,-0.18,-0.34
301,6,-0.2,-0.4
302,1,0,0
302,2,0.02,0.11
302,3,-0.51,-0.27
302,4,-0.63,-0.06
302,5,0.87,0.46
302,6,0.42,0.12
303,1,0,0
303,2,-1.44,0
303,3,6.16,0
303,4,10.23,0
303,5,1.96,0
303,6,2.31,0
304,1,0,0
304,2,-0.64,-0.3
304,3,-0.85,-1.18
304,4,-0.65,-0.93
304,5,-0.31,-0.03
304,6,-0.71,-0.54
305,1,0,0
305,2,-0.56,2.24
305,3,-0.27,-0.09
305,4,0.73,0.66
305,5,2.52,0.51
305,6,0.85,-0.37
306,1,0,0
306,2,0.87,-0.0
306,3,-0.55,-0.17
306,4,-0.36,-0.49
306,5,0.44,-0.22
306,6,0.39,-0.16
307,1,0,0
307,2,-0.58,-0.34
307,3,1.26,-0.35
307,4,0.16,-0.48
307,5,0.71,-0.58
307,6,0.64,-0.68
308,1,0,0
308,2,0.27,-0.36
308,3,0.22,-0.12
308,4,-0.09,0.07
308,5,-1.42,-0.32
308,6,-1.17,-0.18
309,1,0,0
309,2,-0.05,-0.4
309,3,1.05,0.48
309,4,5.8,0.7
309,5,5.25,0.89
309,6,8.26,1.66
310,1,0,0
310,2,-0.42,-0.41
310,3,0.21,0.44
310,4,-0.88,-0.59
310,5,-0.31,-0.34
310,6,-0.34,-0.41
311,1,0,0
311,2,-0.43,-0.27
311,3,-0.57,-0.35
311,4,-0.48,-0.47
311,5,-0.54,-0.55
311,6,-0.68,-0.38
312,1,-0.71,0
312,2,-0.4,1.16
312,3,-0.68,0.46
312,4,-0.64,1.92
312,5,-0.08,1.07
312,6,-0.52,-0.14
313,1,0,0
313,2,0.36,1.2
313,3,-0.7,0.0
313,4,-0.4,-0.46
313,5,0.12,-0.27
313,6,1.3,0.02
314,1,-0.45,0
314,2,-0.41,3.37
314,3,-0.21,27.33
314,4,-0.35,10.86
314,5,-0.33,5.29
314,6,-0.31,2.8
315,1,0,0
315,2,4.2,-0.11
315,3,3.41,0.3
315,4,1.19,2.14
315,5,6.3,2.81
315,6,11.48,2.65
316,1,0,0
316,2,-0.06,0.6
316,3,2.05,3.01
316,4,0.99,1.34
316,5,-1.28,-0.58
316,6,-0.26,-0.15
317,1,0,0
317,2,-0.74,-0.55
317,3,-0.42,-0.75
317,4,-0.58,-0.65
317,5,-0.59,-0.57
317,6,-0.61,-0.57
318,1,0,0
318,2,-0.65,-0.58
318,3,-0.89,-0.86
318,4,-0.66,-0.64
318,5,-0.81,-0.75
318,6,-1.36,-0.63
319,1,0,0
319,2,-0.87,0.4
319,3,-0.92,0.55
319,4,-0.66,1.22
319,5,-1.19,-0.46
319,6,-1.67,-0.53
320,1,0,0
320,2,-0.8,-0.26
320,3,-0.85,-0.36
320,4,-0.05,-0.24
320,5,-2.21,-0.39
320,6,-1.32,-0.35
321,1,0,0
321,2,-0.61,-0.52
321,3,0.16,0.42
321,4,-0.52,-0.35
321,5,-0.46,-0.12
321,6,-0.51,-0.24
322,1,0,0
322,2,-1.71,-0.56
322,3,0.21,0.65
322,4,-0.86,0.22
322,5,3.07,3.28
322,6,1.21,2.6
323,1,0,0
323,2,0.38,0.04
323,3,1.03,-0.07
323,4,-0.25,0.0
323,5,-0.04,0.11
323,6,0.13,0.57
324,1,0,0
324,2,-0.57,-0.16
324,3,-1.04,-0.75
324,4,-1.0,-0.39
324,5,-1.51,-0.65
324,6,-1.05,-0.57
325,1,0,0
325,2,-0.73,-0.47
325,3,-1.78,-0.74
325,4,-0.83,-0.71
325,5,-0.97,-0.79
325,6,-1.15,-0.43
326,1,0,0
326,2,-0.04,0.26
326,3,1.54,1.13
326,4,-0.17,0.78
326,5,-0.5,0.07
326,6,-0.45,-0.01
327,1,0,0
327,2,0.98,-0.32
327,3,2.15,-0.35
327,4,-1.19,-0.5
327,5,-1.2,-0.59
327,6,-1.13,-0.74
328,1,0,0
328,2,-1.09,-0.6
328,3,0.18,0.06
328,4,0.17,-0.01
328,5,1.1,0.01
328,6,2.33,0.5
329,1,0,0
329,2,0.04,0.05
329,3,0.13,0.25
329,4,-0.23,-0.14
329,5,-0.23,-0.09
329,6,-0.27,-0.06
330,1,0,0
330,2,-0.17,-0.25
330,3,-1.71,-0.38
330,4,-1.67,-0.46
330,5,0.24,-0.25
330,6,-0.19,-0.29
331,1,0,0
331,2,0.56,0.4
331,3,-0.17,0.0
331,4,-0.56,-0.69
331,5,-0.02,-0.37
331,6,-0.11,-0.4
332,1,0,0
332,2,0.52,1.33
332,3,0.51,1.39
332,4,0.02,0.75
332,5,-0.25,0.44
332,6,-0.72,0.04
333,1,0,0
333,2,-0.76,-0.4
333,3,-0.74,-1.78
333,4,-1.18,-1.43
333,5,-1.22,-0.79
333,6,-1.23,-1.18
334,1,0,0
334,2,15.97,27.05
334,3,9.23,16.32
334,4,33.32,8.22
334,5,24.92,12.66
334,6,24.48,10.44
335,1,0,0
335,2,178.71,2.32
335,3,13.49,0.76
335,4,22.86,1.06
335,5,11.91,6.62
335,6,27.25,12.61
336,1,0,0
336,2,0.46,-0.05
336,3,-1.23,0.58
336,4,-0.4,0.16
336,5,-0.88,-0.42
336,6,-1.08,-0.44
337,1,0,0
337,2,14.5,3.31
337,3,7.49,3.12
337,4,3.92,2.64
337,5,1.17,1.77
337,6,5.44,3.85
338,1,0,0
338,2,-0.7,-0.51
338,3,-0.82,-0.85
338,4,-1.95,-0.76
338,5,-1.61,-0.7
338,6,-1.26,-0.62
339,1,0,0
339,2,9.05,11.38
339,3,2.12,2.85
339,4,1.14,1.58
339,5,-0.31,-0.22
339,6,0.07,0.05
340,1,0,0
340,2,1.45,1.32
340,3,1.47,1.8
340,4,1.78,2.28
340,5,0.69,0.98
340,6,1.32,1.58
341,1,0,0
341,2,2.71,0.41
341,3,-0.21,-0.58
341,4,-0.47,-0.49
341,5,-0.14,-0.43
341,6,-0.37,-0.48
342,1,0,0
342,2,0.04,-0.26
342,3,1.49,-0.22
342,4,1.15,-0.16
342,5,1.21,-0.08
342,6,1.45,0.13
343,1,0,0
343,2,-0.62,-0.35
343,3,-0.59,-0.35
343,4,-0.57,-0.45
343,5,-0.76,-0.53
343,6,-0.75,-0.66
344,1,0,0
344,2,0.21,-0.27
344,3,-0.38,-0.5
344,4,-0.12,0.1
344,5,-0.31,-0.23
344,6,-2.31,-0.73
345,1,0,0
345,2,-1.35,-0.4
345,3,0.41,-0.35
345,4,0.59,-0.36
345,5,0.38,-0.42
345,6,0.69,-0.38
346,1,0,0
346,2,3.53,-0.27
346,3,3.85,0.24
346,4,1.32,-0.2
346,5,7.75,0.38
346,6,52.27,2.86
347,1,0,0
347,2,2.73,-0.22
347,3,0.5,-0.38
347,4,0.59,-0.22
347,5,0.19,-0.14
347,6,1.1,0.72
348,1,0,0
348,2,-0.96,-0.2
348,3,-0.7,-0.61
348,4,-1.69,-1.26
348,5,-1.63,-0.61
348,6,-1.53,-0.55
349,1,0,0
349,2,-0.84,-1.03
349,3,-0.85,-1.57
349,4,-0.4,-0.55
349,5,0.39,-0.43
349,6,-1.17,-0.74
350,1,0,0
350,2,0,-0.43
350,3,0.03,1.52
350,4,1.02,0.43
350,5,-0.2,-0.16
350,6,-0.29,-0.12
351,1,0,0
351,2,-0.45,-0.44
351,3,-0.1,0.66
351,4,-0.34,-0.0
351,5,-0.7,-0.37
351,6,-0.87,-0.41
352,1,0,0
352,2,-0.37,-0.37
352,3,7.18,3.67
352,4,0.31,0.06
352,5,0.17,0.28
352,6,-0.59,-0.33
353,1,0,0
353,2,-0.25,0.06
353,3,0.91,0.48
353,4,-0.76,-0.5
353,5,-0.78,-0.4
353,6,-0.64,-0.38
354,1,0,0
354,2,-0.87,-0.4
354,3,-0.93,-0.51
354,4,-0.69,-0.41
354,5,-0.96,-0.44
354,6,0.23,0.72
355,1,-0.41,0
355,2,-0.39,2.85
355,3,-0.46,-0.69
355,4,-0.44,0.07
355,5,-0.48,-0.69
355,6,-0.48,-1.28
356,1,0,0
356,2,-0.22,-0.46
356,3,2.63,0.02
356,4,-0.58,-0.77
356,5,-0.1,-0.45
356,6,0.21,-0.06
357,1,0,0
357,2,2.34,0.24
357,3,0.26,-0.77
357,4,6.78,0.6
357,5,12.55,0.35
357,6,5.1,-0.06
358,1,0,0
358,2,-0.54,-0.4
358,3,-2.4,-0.65
358,4,-1.71,-0.6
358,5,-1.44,-0.67
358,6,-2.16,-0.89
359,1,0,0
359,2,-0.31,-0.19
359,3,-1.14,-0.9
359,4,-0.36,-0.25
359,5,-1.06,-0.62
359,6,-6.02,-0.51
360,1,0,0
360,2,-0.53,-0.57
360,3,-0.14,-0.46
360,4,-0.82,-0.3
360,5,-0.94,-0.64
360,6,-1.33,-0.51
361,1,0,0
361,2,-0.38,0.12
361,3,-0.63,-0.55
361,4,-1.01,-0.78
361,5,-1.26,-1.3
361,6,-1.38,-1.48
362,1,0,0
362,2,15.54,6.96
362,3,4.28,5.2
362,4,4.3,6.66
362,5,5.37,5.43
362,6,6.22,5.12
363,1,0,0
363,2,-0.58,-0.46
363,3,0.1,-0.39
363,4,0.45,-0.23
363,5,0.1,-0.1
363,6,-0.32,-0.21
364,1,0,0
364,2,12.06,3.41
364,3,0.99,0.56
364,4,-0.37,-0.51
364,5,-0.2,-0.35
364,6,-0.29,-0.41
365,1,0,0
365,2,-0.04,0.01
365,3,-0.04,-0.67
365,4,-1.28,-0.7
365,5,-1.46,-0.65
365,6,-2.26,-0.72
366,1,0,0
366,2,-1.09,-0.48
366,3,-0.54,-0.55
366,4,-1.17,-0.84
366,5,-0.91,-1.37
366,6,-0.82,-0.68
367,1,-0.45,0
367,2,-0.49,4.33
367,3,-0.21,1.72
367,4,-0.41,5.59
367,5,-0.32,1.75
367,6,-0.41,0.22
368,1,0,0
368,2,-0.59,-0.66
368,3,-0.12,-0.58
368,4,-1.06,-0.73
368,5,-0.31,-0.51
368,6,-0.49,-0.56
369,1,0,0
369,2,-0.39,-0.43
369,3,-2.02,-0.64
369,4,-1.53,-0.64
369,5,-2.12,-0.7
369,6,-2.47,-0.92
370,1,0,0
370,2,-0.74,-0.04
370,3,0.78,0.34
370,4,0.48,0.03
370,5,0.06,-0.36
370,6,-0.6,-0.41
371,1,-0.45,0
371,2,-0.45,0
371,3,-0.45,-0.69
371,4,-0.45,-0.35
371,5,-0.46,-0.41
371,6,-0.46,-0.65
372,1,0,0
372,2,-0.54,0.88
372,3,-0.5,1.29
372,4,-0.49,1.12
372,5,-0.24,1.9
372,6,-0.4,1.52
373,1,0,0
373,2,-0.42,-0.7
373,3,-0.48,-0.35
373,4,-0.43,-0.34
373,5,-0.42,-0.3
373,6,-0.43,-0.45
374,1,0,0
374,2,-0.3,16.2
374,3,1.63,6.59
374,4,2.34,2.98
374,5,-0.12,0.09
374,6,-0.11,0.83
375,1,0,0
375,2,-0.21,-0.18
375,3,-0.04,0.14
375,4,-0.27,-0.24
375,5,-0.31,-0.3
375,6,-0.56,-0.51
376,1,0,0
376,2,0.48,0.16
376,3,1.56,0.42
376,4,2.53,0.1
376,5,-0.1,-0.72
376,6,0.5,-0.51
377,1,0,0
377,2,-0.7,-0.45
377,3,-0.67,-0.77
377,4,-0.69,-0.71
377,5,-0.56,-0.51
377,6,-0.42,-0.45
378,1,0,0
378,2,31.36,3.52
378,3,6.86,3.34
378,4,12.89,2.45
378,5,20.08,2.78
378,6,21.08,1.92
379,1,0,0
379,2,-0.47,-0.41
379,3,-1.21,-0.31
379,4,0.62,-0.13
379,5,-0.57,0.67
379,6,-1.01,0.29
380,1,0,0
380,2,-1.44,-0.97
380,3,-0.62,-0.57
380,4,-0.59,-0.54
380,5,-0.74,-0.49
380,6,-0.52,-0.4
381,1,0,0
381,2,0,-1.0
381,3,-9.77,-1.06
381,4,-1.82,-0.86
381,5,-3.5,-0.86
381,6,-42.28,-0.88
382,1,0,0
382,2,-0.96,-0.71
382,3,-0.58,-1.18
382,4,-0.92,-0.79
382,5,-0.68,-0.71
382,6,-1.01,-0.75
383,1,0,0
383,2,-0.55,0
383,3,0.16,0
383,4,4.26,0
383,5,-0.82,0
383,6,-0.67,0
384,1,0,0
384,2,0.0,-0.19
384,3,2.92,-0.04
384,4,2.87,0.03
384,5,0.51,0.05
384,6,0.93,1.53
385,1,0,0
385,2,-0.09,-0.41
385,3,-0.07,-0.51
385,4,-0.86,-0.92
385,5,-0.96,-1.11
385,6,-2.66,-1.01
386,1,0,0
386,2,0.16,0.75
386,3,0.51,0.48
386,4,-0.7,-0.67
386,5,-0.02,0.03
386,6,-0.2,-0.32
387,1,0,0
387,2,-0.75,-0.41
387,3,-0.85,-1.03
387,4,-0.57,-0.38
387,5,-0.45,-0.5
387,6,-0.74,-0.53
388,1,0,0
388,2,4.77,-0.09
388,3,1.48,-0.41
388,4,0.92,-0.47
388,5,0.55,-0.41
388,6,0.22,-0.21
389,1,0,0
389,2,0.12,-0.39
389,3,0.1,0.99
389,4,-0.46,-0.17
389,5,0.8,0.08
389,6,0.73,0.3
390,1,0,0
390,2,-0.56,-0.48
390,3,-0.76,-0.59
390,4,-0.51,-0.46
390,5,-0.35,-0.2
390,6,-0.47,-0.52
391,1,0,0
391,2,-1.68,-0.45
391,3,-1.49,-0.7
391,4,-0.08,-0.41
391,5,-0.68,-0.54
391,6,-0.6,-0.51
392,1,0,0
392,2,-0.58,0.84
392,3,-0.31,1.34
392,4,-1.24,-0.41
392,5,-0.98,-0.59
392,6,-0.85,-0.47
393,1,0,0
393,2,-0.74,0.22
393,3,-0.63,-0.23
393,4,-0.08,0.02
393,5,-0.02,-0.33
393,6,-0.94,-0.55
394,1,0,0
394,2,0.31,0.6
394,3,1.31,2.37
394,4,-1.15,-0.56
394,5,-0.68,-0.34
394,6,-1.55,-0.66
395,1,0,0
395,2,0.42,0.9
395,3,0.55,1.14
395,4,-0.21,0.22
395,5,-0.35,0.28
395,6,-0.55,-0.43
396,1,0,0
396,2,-0.5,0.61
396,3,-0.64,0.46
396,4,-0.48,0.47
396,5,-0.48,1.88
396,6,-0.44,2.79
397,1,0,0
397,2,-0.46,-0.29
397,3,-0.46,-0.29
397,4,-0.49,-0.3
397,5,-0.56,-0.37
397,6,-0.74,-0.49
398,1,0,0
398,2,-0.56,0.23
398,3,0.31,4.92
398,4,-0.08,5.91
398,5,0.62,9.36
398,6,5.24,11.21
399,1,0,0
399,2,-0.58,-0.5
399,3,-0.93,-0.7
399,4,-0.2,0.44
399,5,-1.16,-0.45
399,6,-0.7,-0.57
400,1,0,0
400,2,-0.5,-0.4
400,3,-1.07,-0.85
400,4,-1.27,-1.12
400,5,-0.53,-0.39
400,6,-0.61,-0.46
401,1,0,0
401,2,-1.0,-0.78
401,3,-0.9,-1.24
401,4,0.13,-0.25
401,5,-1.19,-1.08
401,6,-0.82,-1.04
402,1,0,0
402,2,0,0
402,3,0.2,-0.45
402,4,-1.4,-0.73
402,5,-0.99,-0.59
402,6,-0.65,-0.38
403,1,0,0
403,2,12.21,-0.53
403,3,-1.14,-0.44
403,4,-0.78,-0.65
403,5,-1.15,-0.49
403,6,-1.52,-0.36
404,1,0,0
404,2,-0.57,-0.85
404,3,-0.68,-1.28
404,4,-0.79,-0.94
404,5,-0.54,-0.6
404,6,-0.59,-0.52
405,1,0,0
405,2,-1.94,-0.79
405,3,-1.78,-0.76
405,4,-0.82,-1.92
405,5,-1.18,-1.54
405,6,-1.08,-1.23
406,1,0,0
406,2,-0.65,-0.06
406,3,-0.58,0.41
406,4,-0.24,1.9
406,5,-1.11,-0.24
406,6,-0.51,-0.21
407,1,-0.44,0
407,2,-0.41,0
407,3,-0.46,-0.03
407,4,-0.45,0.31
407,5,-0.41,9.03
407,6,-0.41,41.53
408,1,0,0
408,2,-0.69,-0.22
408,3,-0.83,-0.71
408,4,-0.6,-1.43
408,5,-0.62,-0.82
408,6,-0.58,-1.01
409,1,-0.71,0
409,2,-0.71,0
409,3,-0.71,-0.07
409,4,-0.71,-1.83
409,5,-0.71,2.42
409,6,-0.71,16.97
410,1,0,0
410,2,-0.9,-0.36
410,3,6.14,-0.31
410,4,1.02,-0.49
410,5,3.02,-0.11
410,6,1.87,0.06
411,1,0,0
411,2,5.0,12.81
411,3,3.55,7.02
411,4,3.4,4.58
411,5,2.12,3.86
411,6,1.01,2.48
412,1,0,0
412,2,-0.25,0.24
412,3,-0.41,-0.19
412,4,-1.02,-0.37
412,5,-0.93,-0.31
412,6,-0.67,-0.46
413,1,0,0
413,2,0,-0.35
413,3,-0.63,-1.19
413,4,-1.88,-0.7
413,5,-0.14,-0.31
413,6,-1.3,-0.46
414,1,0,0
414,2,-0.72,-0.84
414,3,-0.98,-0.83
414,4,-0.77,-2.24
414,5,-0.72,-0.46
414,6,-0.26,0.01
415,1,0,0
415,2,-0.38,-0.37
415,3,-0.51,-0.97
415,4,-0.5,-0.31
415,5,-0.5,0.73
415,6,-0.45,0.55
416,1,0,0
416,2,-0.45,-0.37
416,3,1.63,2.82
416,4,1.36,0.25
416,5,-0.76,-0.39
416,6,-0.76,-0.38
417,1,0,0
417,2,-0.89,-0.39
417,3,-0.11,-0.02
417,4,-0.38,-0.54
417,5,-0.56,-0.45
417,6,-0.38,-0.46
418,1,0,0
418,2,1.69,0.8
418,3,2.17,0.19
418,4,7.61,-0.09
418,5,23.22,3.25
418,6,11.51,7.1
419,1,0,0
419,2,4.22,0.82
419,3,-0.43,-1.17
419,4,-0.98,-1.04
419,5,-0.47,-0.55
419,6,0.27,-0.38
420,1,0,0
420,2,-1.48,-0.98
420,3,0.03,-0.58
420,4,-0.2,-1.07
420,5,1.0,-0.16
420,6,0.59,-0.05
421,1,0,0
421,2,0,0
421,3,-0.5,-0.72
421,4,-0.56,-0.36
421,5,-0.53,-0.43
421,6,-0.64,-0.66
422,1,-0.71,0
422,2,-0.47,1.17
422,3,-0.64,1.66
422,4,-0.71,1.06
422,5,-1.48,-1.13
422,6,-1.4,-3.76
423,1,0,0
423,2,-0.24,-0.35
423,3,-0.73,-0.59
423,4,-0.51,-0.88
423,5,-0.51,-0.93
423,6,-0.52,-1.06
424,1,0,0
424,2,1.19,2.7
424,3,2.58,2.65
424,4,1.52,0.34
424,5,0.38,-0.19
424,6,-0.2,-0.35
425,1,0,0
425,2,-0.66,-0.89
425,3,-0.61,-1.32
425,4,-0.81,-0.97
425,5,-0.28,-0.77
425,6,0.03,-0.57
426,1,0,0
426,2,0.37,1.26
426,3,0.34,1.08
426,4,-0.24,0.24
426,5,-5.92,-0.29
426,6,0.12,0.29
427,1,-0.45,0
427,2,0.58,17.03
427,3,-0.37,2.05
427,4,-0.35,4.48
427,5,0.58,3.34
427,6,-0.14,0.13
428,1,0,0
428,2,-1.06,-0.51
428,3,-0.35,-0.51
428,4,-0.88,-0.7
428,5,-0.68,-0.62
428,6,-0.74,0.14
429,1,0,0
429,2,0,0
429,3,-0.58,-0.75
429,4,-0.58,-0.37
429,5,-0.7,-0.44
429,6,-0.85,-0.67
430,1,0,0
430,2,-0.94,-0.49
430,3,-1.85,-0.62
430,4,-0.93,-0.23
430,5,-0.81,-0.13
430,6,-0.3,0.0
431,1,0,0
431,2,-0.57,-0.45
431,3,-0.07,-0.32
431,4,-0.7,-0.34
431,5,-0.35,-0.33
431,6,1.45,-0.28
432,1,0,0
432,2,-0.87,-1.07
432,3,-1.11,-2.58
432,4,-0.78,-1.18
432,5,-1.38,-1.59
432,6,-1.37,-1.68
433,1,0,0
433,2,-0.81,-0.53
433,3,0.06,-0.31
433,4,-0.59,-0.59
433,5,-1.7,-0.36
433,6,1.14,-0.12
434,1,0,0
434,2,-1.23,-0.77
434,3,-1.09,-1.35
434,4,-0.7,-0.6
434,5,-0.62,-0.51
434,6,-0.59,-0.63
435,1,0,0
435,2,-0.4,-0.54
435,3,-0.68,-1.41
435,4,-0.59,-0.71
435,5,0.08,-0.45
435,6,0.86,-0.35
436,1,0,0
436,2,-0.58,-0.32
436,3,-0.02,-0.21
436,4,-1.02,-0.9
436,5,-0.41,-0.37
436,6,-0.36,-0.44
437,1,0,0
437,2,0.27,-0.37
437,3,-0.16,-0.38
437,4,0.82,-0.5
437,5,2.52,-0.44
437,6,1.5,-0.48
438,1,0,0
438,2,0,0
438,3,-0.91,-0.57
438,4,-2.25,-0.7
438,5,-0.51,-0.02
438,6,-0.67,-0.52
439,1,0,0
439,2,8.5,0
439,3,0.44,0
439,4,-0.19,0
439,5,3.64,0
439,6,3.48,0
440,1,0,0
440,2,0,0
440,3,-0.7,-0.79
440,4,1.41,-0.29
440,5,-1.14,-0.38
440,6,-1.94,-0.47
441,1,0,0
441,2,-0.73,-0.43
441,3,-2.09,-0.46
441,4,-0.41,-0.36
441,5,-0.81,-0.59
441,6,-0.76,-0.59
442,1,-0.5,0
442,2,-0.5,0
442,3,-0.51,-0.04
442,4,-0.5,-0.33
442,5,-0.5,-0.08
442,6,-0.5,-0.27
443,1,-0.71,0
443,2,-0.71,0
443,3,-0.71,-0.05
443,4,-0.71,-0.31
443,5,-0.71,-0.4
443,6,-0.71,-0.56
444,1,-0.58,0
444,2,-0.58,0
444,3,-0.58,-0.68
444,4,-0.58,-0.69
444,5,-0.58,-0.8
444,6,-0.58,-1.08
445,1,-0.5,0
445,2,-0.5,0
445,3,-0.5,-0.05
445,4,-0.5,-0.35
445,5,-0.5,-0.35
445,6,-0.5,-0.49
446,1,-0.41,0
446,2,-0.41,0
446,3,-0.41,-0.76
446,4,-0.41,-0.34
446,5,-0.41,-0.22
446,6,-0.41,-0.38
447,1,0,0
447,2,0,0
447,3,-0.71,-0.82
447,4,-0.53,-0.1
447,5,-0.64,-0.35
447,6,-0.66,-0.68
448,1,0,0
448,2,37.67,1.43
448,3,2.4,2.46
448,4,12.9,8.32
448,5,52.69,11.84
448,6,31.25,11.34
449,1,0,0
449,2,2.11,1.72
449,3,3.32,4.31
449,4,2.67,5.55
449,5,6.07,5.59
449,6,3.75,4.03
450,1,0,0
450,2,0,0
450,3,4.75,11.52
450,4,-0.35,0.14
450,5,-0.29,22.7
450,6,-0.45,4.21
451,1,0,0
451,2,-0.53,-0.64
451,3,-0.66,-0.1
451,4,-0.6,-0.66
451,5,-1.18,-0.54
451,6,-0.97,-0.39
452,1,0,0
452,2,5.72,0.55
452,3,4.03,2.15
452,4,2.23,-0.05
452,5,3.06,-0.33
452,6,3.77,0.74
453,1,0,0
453,2,2.83,-0.07
453,3,8.57,0.35
453,4,9.03,3.86
453,5,0.54,0.86
453,6,-0.35,-0.26
454,1,0,0
454,2,-1.07,-0.46
454,3,-0.42,-0.21
454,4,-0.77,-0.3
454,5,-0.9,-0.11
454,6,-0.4,0.26
455,1,0,0
455,2,-0.46,-0.42
455,3,-0.03,0.47
455,4,-0.75,-0.6
455,5,-0.52,-0.41
455,6,-0.58,-0.41
456,1,0,0
456,2,-1.0,0
456,3,-4.79,0
456,4,-4.22,0
456,5,-2.95,0
456,6,-4.28,0
457,1,0,0
457,2,-0.45,-0.39
457,3,-0.44,-0.1
457,4,-0.61,-0.27
457,5,-0.58,-0.76
457,6,-0.32,-0.46
458,1,0,0
458,2,0.49,-0.24
458,3,-0.26,-0.34
458,4,-0.97,-0.43
458,5,-0.49,-0.49
458,6,-0.93,-0.56
459,1,0,0
459,2,-0.74,-0.47
459,3,-0.85,-1.19
459,4,-0.52,-0.95
459,5,-0.65,-1.0
459,6,-0.87,-1.01
460,1,0,0
460,2,-0.49,-0.34
460,3,0.17,0.03
460,4,0.25,-0.19
460,5,0.53,-0.58
460,6,-0.3,-0.68
461,1,0,0
461,2,2.31,2.52
461,3,1.05,1.05
461,4,2.35,1.64
461,5,2.56,0.15
461,6,3.49,0.91
462,1,0,0
462,2,3.45,-0.27
462,3,1.38,-0.09
462,4,8.63,0.12
462,5,1.37,-0.23
462,6,0.35,-0.51
463,1,0,0
463,2,-0.67,-0.6
463,3,-0.56,-0.83
463,4,-0.66,-0.16
463,5,-0.76,-0.05
463,6,-0.75,-0.5
464,1,-0.5,0
464,2,-0.51,0
464,3,-0.51,15.0
464,4,-0.5,-0.18
464,5,-0.51,-3.0
464,6,-0.51,15.0
465,1,0,0
465,2,-0.28,3.0
465,3,-0.64,-0.72
465,4,-1.09,-1.16
465,5,0.04,-0.48
465,6,-0.84,-1.22
466,1,0,0
466,2,-0.53,-0.39
466,3,-0.9,-0.54
466,4,-0.72,-0.59
466,5,-0.53,-1.15
466,6,-0.5,-0.8
467,1,0,0
467,2,-0.13,1.02
467,3,-0.98,-0.25
467,4,-0.09,-0.02
467,5,-0.36,0.42
467,6,-0.55,0.25
468,1,0,0
468,2,2.83,0.87
468,3,3.1,0.09
468,4,-0.39,-1.1
468,5,-0.42,-0.7
468,6,-0.38,-0.38
469,1,-0.28,0
469,2,-0.45,0
469,3,-0.18,0
469,4,-0.21,0
469,5,-0.33,0
469,6,-0.32,0
470,1,0,0
470,2,-0.38,-1.12
470,3,-1.71,-0.99
470,4,-0.84,-0.95
470,5,-1.87,-0.7
470,6,-1.28,-0.68
471,1,0,0
471,2,-0.25,0.69
471,3,-0.54,-0.05
471,4,-0.2,0.66
471,5,0.01,-0.5
471,6,0.41,-0.27
472,1,0,0
472,2,-1.58,-0.53
472,3,-1.85,-0.57
472,4,-0.77,-0.15
472,5,-2.14,-0.76
472,6,-0.88,-0.54
473,1,0,0
473,2,-0.2,1.16
473,3,0.14,0.71
473,4,0.35,0.51
473,5,-0.34,-0.42
473,6,1.03,1.71
474,1,0,0
474,2,5.2,13.71
474,3,1.21,4.22
474,4,0.26,4.85
474,5,0.29,-0.07
474,6,1.12,0.34
475,1,0,0
475,2,-0.44,-0.07
475,3,-0.45,-0.25
475,4,-0.43,-0.29
475,5,-0.34,-0.26
475,6,-0.37,-0.38
476,1,0,0
476,2,-0.39,-0.69
476,3,-0.64,-1.16
476,4,-0.1,-0.06
476,5,-0.45,-0.41
476,6,-0.57,-0.73
477,1,0,0
477,2,-0.25,-0.25
477,3,-0.79,-0.8
477,4,-0.71,-0.74
477,5,-0.64,-0.29
477,6,-0.82,-0.32
478,1,-0.5,0
478,2,-0.5,0
478,3,-0.5,-0.77
478,4,-0.5,-0.75
478,5,-0.5,-0.68
478,6,-0.5,-0.5
479,1,-0.58,0
479,2,-0.58,0
479,3,-0.56,0.31
479,4,-0.57,0.21
479,5,-0.57,6.02
479,6,-0.58,1.37
480,1,0,0
480,2,5.03,1.86
480,3,0.53,1.05
480,4,2.29,1.6
480,5,2.83,0.61
480,6,2.54,0.94
481,1,0,0
481,2,-1.27,-0.52
481,3,-3.97,-0.53
481,4,-1.6,-0.44
481,5,-1.07,-0.46
481,6,-0.83,-0.36
482,1,0,0
482,2,-0.39,-0.02
482,3,0.17,0.4
482,4,1.87,14.4
482,5,0.34,5.38
482,6,-0.61,-0.1
483,1,0,0
483,2,0,14.71
483,3,0,11.26
483,4,0,2.76
483,5,0,1.12
483,6,0,0.83
484,1,0,0
484,2,-0.76,-0.45
484,3,0.79,2.08
484,4,-0.83,-0.73
484,5,-0.61,-0.52
484,6,-0.63,-0.57
485,1,0,0
485,2,2.56,1.94
485,3,-0.32,0.25
485,4,0.16,-0.08
485,5,-0.54,-0.47
485,6,-0.58,-0.62
486,1,0,0
486,2,-0.52,-0.51
486,3,0.22,-0.4
486,4,-0.12,-0.47
486,5,0.12,-0.49
486,6,1.17,-0.45
487,1,0,0
487,2,-0.45,-0.31
487,3,-0.3,0.52
487,4,-0.25,0.53
487,5,-0.44,-0.57
487,6,-0.23,-0.17
488,1,0,0
488,2,1.48,-0.16
488,3,0.62,0.0
488,4,4.3,0.69
488,5,1.87,0.18
488,6,2.28,0.67
489,1,0,0
489,2,-0.98,-0.69
489,3,-0.71,-0.82
489,4,3.4,2.48
489,5,6.03,4.23
489,6,5.35,5.94
490,1,0,0
490,2,-0.46,-0.52
490,3,-0.92,-1.48
490,4,1.04,-0.49
490,5,-0.17,-1.05
490,6,0.06,-1.09
491,1,0,0
491,2,-0.9,-0.54
491,3,-0.79,-0.37
491,4,-0.65,-0.46
491,5,-0.66,-0.46
491,6,-0.55,-0.4
492,1,0,0
492,2,-0.59,-0.51
492,3,-0.14,-0.42
492,4,-0.99,-0.96
492,5,-0.92,-1.07
492,6,-0.53,-0.56
493,1,0,0
493,2,-0.71,-0.34
493,3,-0.3,0.9
493,4,-0.76,0.52
493,5,-0.94,0.5
493,6,-0.89,0.51
494,1,0,0
494,2,8.36,-0.21
494,3,7.91,-0.3
494,4,5.87,-0.4
494,5,10.35,-0.16
494,6,23.96,0.75
495,1,0,0
495,2,-0.5,0.1
495,3,6.08,2.95
495,4,0.75,1.06
495,5,1.07,1.35
495,6,0.88,1.08
496,1,0,0
496,2,0.39,0.6
496,3,-1.28,-0.99
496,4,-0.09,0.18
496,5,-0.11,0.14
496,6,-0.24,-0.15
497,1,0,0
497,2,1.84,-0.39
497,3,-0.89,-0.6
497,4,-1.18,-1.17
497,5,-0.86,-1.15
497,6,-0.81,-0.83
498,1,-0.71,0
498,2,-0.71,0
498,3,-0.72,1.27
498,4,-0.71,-0.0
498,5,-0.71,0.21
498,6,-0.71,-0.67
499,1,-0.45,0
499,2,-0.36,-0.45
499,3,-0.44,-0.46
499,4,-0.44,-0.47
499,5,-0.38,-0.43
499,6,-0.29,-0.39
500,1,0,0
500,2,0.12,-0.53
500,3,-0.33,-0.51
500,4,-0.03,-0.51
500,5,-0.03,-0.56
500,6,0.67,-0.59
501,1,0,0
501,2,0,-0.48
501,3,-0.78,-1.21
501,4,2.27,-0.32
501,5,-0.7,-0.5
501,6,-0.58,-0.58
502,1,0,0
502,2,-0.72,-0.55
502,3,-0.69,-0.54
502,4,-0.62,-0.47
502,5,-0.62,-0.5
502,6,-0.84,-0.59
503,1,0,0
503,2,-0.64,-0.38
503,3,-0.56,-0.41
503,4,-0.74,-0.88
503,5,-0.48,-0.23
503,6,-0.45,-0.39
504,1,0,0
504,2,0.34,0.31
504,3,-0.26,-0.25
504,4,-0.14,-0.1
504,5,0.37,0.11
504,6,1.3,0.49
505,1,0,0
505,2,-0.78,-0.55
505,3,-0.78,-0.53
505,4,-0.78,-0.4
505,5,-0.73,-0.5
505,6,-0.64,-0.6
506,1,0,0
506,2,1.3,0.2
506,3,2.54,0.4
506,4,1.74,0.18
506,5,-0.37,-0.44
506,6,-1.2,-0.68
507,1,0,0
507,2,-0.5,-0.38
507,3,-0.48,0.91
507,4,-0.63,-0.01
507,5,-0.67,-0.15
507,6,-0.54,0.15
508,1,0,0
508,2,-0.21,0.73
508,3,4.98,2.34
508,4,1.88,1.55
508,5,0.07,1.02
508,6,-0.15,0.61
509,1,0,0
509,2,0.18,-0.51
509,3,-0.88,-0.68
509,4,-0.99,-1.17
509,5,-0.76,-1.26
509,6,-0.88,-1.2
510,1,0,0
510,2,-0.78,-0.35
510,3,-1.3,-0.51
510,4,-0.96,-1.0
510,5,-1.06,-1.56
510,6,-1.21,-1.18
511,1,0,0
511,2,-0.15,11.96
511,3,0.33,12.39
511,4,0.9,6.39
511,5,1.39,9.66
511,6,2.49,8.87
512,1,-0.58,0
512,2,-0.58,0
512,3,-0.58,-0.63
512,4,-0.58,-0.56
512,5,-0.58,-0.66
512,6,-0.58,-0.55
513,1,-0.58,0
513,2,-0.79,0
513,3,-0.59,-1.0
513,4,-0.57,-0.92
513,5,-0.56,-0.14
513,6,-0.57,-0.54
514,1,0,0
514,2,-0.5,-0.61
514,3,0.54,0.35
514,4,-1.27,-1.03
514,5,-1.2,-1.76
514,6,-0.8,-1.87
515,1,0,0
515,2,-0.8,-0.49
515,3,-0.65,-0.63
515,4,-0.78,-0.54
515,5,-1.25,-1.54
515,6,-1.45,-2.27
516,1,0,0
516,2,-0.69,-0.53
516,3,-0.7,-0.51
516,4,-0.98,-0.52
516,5,-0.94,-0.48
516,6,-0.54,-0.46
517,1,-0.58,0
517,2,-0.58,0
517,3,-0.58,-0.78
517,4,-0.59,-0.39
517,5,-0.59,-0.47
517,6,-0.59,-0.74
518,1,0,0
518,2,-1.07,-0.46
518,3,-0.5,-0.64
518,4,-0.42,-0.75
518,5,-0.99,-0.59
518,6,-1.09,-0.76
519,1,0,0
519,2,-0.62,0.07
519,3,1.41,2.41
519,4,0.04,1.27
519,5,-0.52,-0.35
519,6,-0.79,-0.45
520,1,0,0
520,2,-0.55,-0.13
520,3,-1.03,-0.58
520,4,-1.04,-0.79
520,5,-0.51,-0.09
520,6,-0.09,-0.42
521,1,0,0
521,2,-0.58,-0.31
521,3,-0.34,-0.1
521,4,-0.27,0.04
521,5,-0.32,-0.17
521,6,-0.4,-0.26
522,1,0,0
522,2,-0.2,0.54
522,3,0.79,3.17
522,4,0.59,4.23
522,5,0.35,4.22
522,6,-0.18,1.32
523,1,0,0
523,2,-1.54,-0.54
523,3,-0.66,0.11
523,4,-0.98,-0.37
523,5,-0.95,-0.69
523,6,-1.61,-2.83
524,1,-0.5,0
524,2,-0.67,-0.52
524,3,-0.92,-0.87
524,4,-0.9,-0.93
524,5,-0.24,-0.31
524,6,-0.13,0.55
525,1,0,0
525,2,-0.29,-0.29
525,3,-0.51,-0.53
525,4,-0.43,-0.48
525,5,-0.36,-0.49
525,6,0.05,-0.31
526,1,0,0
526,2,-0.11,0.02
526,3,-0.62,-0.76
526,4,-0.36,-0.56
526,5,1.92,0.88
526,6,1.95,6.24
527,1,0,0
527,2,-0.57,-0.34
527,3,0.01,-0.35
527,4,1.35,-0.52
527,5,-4.4,-1.29
527,6,-1.72,-1.25
528,1,-0.41,0
528,2,-0.41,0
528,3,-0.4,4.59
528,4,-0.38,17.49
528,5,-0.36,28.11
528,6,-0.38,6.19
529,1,0,0
529,2,-0.94,-0.57
529,3,-0.69,-0.54
529,4,-0.99,-0.53
529,5,-0.88,-0.56
529,6,-0.5,-0.6
530,1,0,0
530,2,1.2,-0.61
530,3,-0.56,-1.24
530,4,0.28,-0.57
530,5,2.12,-0.2
530,6,1.85,-0.18
531,1,0,0
531,2,-0.62,-0.04
531,3,-0.33,0.67
531,4,-0.55,-0.41
531,5,-0.53,-0.48
531,6,0.75,0.78
532,1,0,0
532,2,-0.65,-0.54
532,3,0.0,-0.5
532,4,-1.04,-0.5
532,5,-1.54,-0.56
532,6,-0.57,-0.59
533,1,0,0
533,2,-0.76,-0.97
533,3,-0.23,-0.11
533,4,-0.27,0.12
533,5,-0.65,-0.64
533,6,-0.61,-0.64
534,1,0,0
534,2,-0.73,-1.83
534,3,0.56,4.19
534,4,-0.1,-0.54
534,5,0.19,-0.46
534,6,0.12,-0.49
535,1,0,0
535,2,0.21,-1.11
535,3,-0.2,1.63
535,4,1.45,1.61
535,5,3.47,6.33
535,6,3.1,3.22
536,1,0,0
536,2,4.22,3.48
536,3,1.45,1.44
536,4,11.98,13.46
536,5,15.16,16.97
536,6,12.4,11.77
537,1,0,0
537,2,-0.63,-0.57
537,3,-1.05,-0.5
537,4,-0.53,-0.12
537,5,-0.81,-0.57
537,6,-0.78,-0.5
538,1,0,0
538,2,-0.14,0.63
538,3,-1.82,-0.71
538,4,-2.01,-1.41
538,5,-2.16,-1.45
538,6,-1.35,-1.46
539,1,-0.63,0
539,2,-0.58,0
539,3,-0.63,20.08
539,4,-0.62,14.6
539,5,-0.65,1.0
539,6,-0.63,-0.94
540,1,-0.57,0
540,2,0,0
540,3,-0.61,-1.28
540,4,-0.59,-0.02
540,5,-0.77,-0.52
540,6,-0.75,-1.57
541,1,0,0
541,2,0.07,-0.66
541,3,-0.72,-0.38
541,4,-0.91,-0.6
541,5,-0.66,-0.15
541,6,-2.0,-0.29
542,1,0,0
542,2,-0.58,-0.66
542,3,0.08,-0.59
542,4,-1.04,-1.07
542,5,0.93,-0.64
542,6,-0.52,-0.95
543,1,0,0
543,2,-1.65,-0.68
543,3,-1.08,-0.7
543,4,-1.47,-0.64
543,5,-1.14,-0.75
543,6,-1.25,-0.78
544,1,-0.5,0
544,2,-0.97,-1.0
544,3,-0.65,-1.2
544,4,-0.57,-0.03
544,5,-1.21,-1.57
544,6,-0.46,0.19
545,1,0,0
545,2,-0.85,-0.63
545,3,-1.15,-1.49
545,4,-1.35,-1.66
545,5,-1.94,-1.65
545,6,-3.23,-1.81
546,1,0,0
546,2,0.44,-0.19
546,3,-0.61,-0.3
546,4,-1.14,-1.07
546,5,-0.45,-0.51
546,6,-0.2,-0.32
547,1,0,0
547,2,4.17,0.36
547,3,0.13,0.47
547,4,3.45,1.82
547,5,5.28,3.17
547,6,19.14,5.14
548,1,0,0
548,2,-5.33,0
548,3,4.88,0
548,4,4.17,0
548,5,0.98,0
548,6,1.44,0
549,1,0,0
549,2,-0.85,-0.5
549,3,-1.71,-0.58
549,4,-1.18,-0.98
549,5,-0.11,-0.66
549,6,1.39,-0.13
550,1,0,0
550,2,-2.02,-0.16
550,3,-1.44,0.2
550,4,-0.31,0.45
550,5,-0.33,0.25
550,6,-0.44,0.23
551,1,0,0
551,2,-1.21,-0.74
551,3,-0.66,-0.52
551,4,-1.26,-0.75
551,5,-1.65,-0.56
551,6,-0.93,-0.43
552,1,0,0
552,2,1.74,2.65
552,3,0.95,1.63
552,4,0.96,1.65
552,5,4.16,5.37
552,6,6.91,7.12
553,1,0,0
553,2,-0.36,-0.6
553,3,-0.72,-0.78
553,4,-0.68,-0.72
553,5,-0.13,-0.44
553,6,-1.27,-0.8
554,1,0,0
554,2,-0.76,0.11
554,3,-0.76,-0.67
554,4,-0.89,-0.42
554,5,-0.45,0.08
554,6,0.46,1.05
555,1,0,0
555,2,-0.58,-0.17
555,3,-1.14,2.54
555,4,-0.96,0.16
555,5,-1.03,-0.26
555,6,-0.84,0.78
556,1,0,0
556,2,-0.85,-0.61
556,3,0.54,1.67
556,4,-0.41,-0.49
556,5,0.35,0.21
556,6,1.25,2.26
557,1,0,0
557,2,-0.48,-1.14
557,3,-0.12,-3.55
557,4,-0.93,-1.24
557,5,-0.81,-1.33
557,6,-0.67,-0.9
558,1,0,0
558,2,-0.4,-0.4
558,3,-1.04,-0.65
558,4,-0.56,-0.79
558,5,-0.41,-0.54
558,6,-0.46,-0.58
559,1,-0.41,0
559,2,-0.61,-0.89
559,3,-0.26,0.22
559,4,-0.47,-1.43
559,5,-0.62,0.73
559,6,-0.59,0.01
560,1,0,0
560,2,-0.83,-0.09
560,3,-0.77,-0.09
560,4,-0.63,0.08
560,5,-0.63,0.37
560,6,-0.63,0.46
561,1,0,0
561,2,-0.4,-0.53
561,3,-0.33,0.64
561,4,-0.63,-0.41
561,5,-0.24,-0.41
561,6,1.26,-0.14
562,1,0,0
562,2,-0.15,-0.08
562,3,1.55,3.6
562,4,8.52,5.28
562,5,10.41,18.49
562,6,9.62,15.14
563,1,0,0
563,2,-0.24,0.66
563,3,-0.53,-0.39
563,4,-0.5,-0.58
563,5,-0.44,0.63
563,6,-0.53,-0.38
564,1,0,0
564,2,-0.48,-0.33
564,3,-0.5,-0.2
564,4,-0.36,0.28
564,5,-0.4,0.57
564,6,-0.36,0.5
565,1,0,0
565,2,0.54,-0.63
565,3,2.69,-0.63
565,4,3.61,-0.4
565,5,5.82,0.03
565,6,3.34,0.44
566,1,0,0
566,2,-0.56,-0.58
566,3,1.13,4.29
566,4,4.59,9.41
566,5,1.02,6.68
566,6,1.3,18.85
567,1,0,0
567,2,-0.76,-0.84
567,3,-0.86,-1.01
567,4,0.21,-0.31
567,5,-0.11,-0.36
567,6,-0.6,-0.45
568,1,0,0
568,2,-1.23,-0.39
568,3,-0.63,-0.44
568,4,-0.39,-0.17
568,5,-1.05,-0.21
568,6,-1.42,-0.39
569,1,0,0
569,2,-0.87,-1.03
569,3,-0.72,-0.88
569,4,-0.43,-1.3
569,5,-0.47,-1.47
569,6,-0.48,-1.53
570,1,0,0
570,2,1.92,-0.42
570,3,-0.3,-0.41
570,4,0.7,0.07
570,5,-1.22,-1.07
570,6,-1.49,-1.22
571,1,0,0
571,2,-0.83,-1.0
571,3,-0.09,-0.0
571,4,-0.89,-0.77
571,5,-0.32,-0.5
571,6,-1.21,-0.63
572,1,0,0
572,2,-0.7,-0.5
572,3,0.78,0.33
572,4,-0.54,-0.5
572,5,-0.58,-0.42
572,6,-0.52,-0.21
573,1,0,0
573,2,-0.14,-0.12
573,3,3.06,2.66
573,4,-1.33,-0.09
573,5,-0.48,0.13
573,6,-0.52,0.58
574,1,0,0
574,2,18.86,0
574,3,0.12,-0.11
574,4,5.25,4.1
574,5,25.26,40.91
574,6,15.66,18.47
575,1,0,0
575,2,-0.41,0.06
575,3,-0.33,-0.07
575,4,2.33,1.48
575,5,0.62,1.02
575,6,0.64,1.25
576,1,0,0
576,2,-0.25,-0.39
576,3,-0.57,-0.38
576,4,-0.5,-0.39
576,5,-1.1,-0.47
576,6,-1.68,-0.64
577,1,0,0
577,2,-0.8,-0.71
577,3,-1.76,-1.26
577,4,-0.81,-0.35
577,5,-0.59,0.65
577,6,-0.35,2.8
578,1,0,0
578,2,-0.43,-1.06
578,3,-1.24,-1.58
578,4,-1.21,-1.05
578,5,-1.04,-0.71
578,6,-0.48,-0.63
579,1,0,0
579,2,-0.56,-0.25
579,3,-0.2,-0.24
579,4,-0.48,-0.27
579,5,-0.4,1.24
579,6,-0.43,0.26
580,1,0,0
580,2,-0.92,-0.55
580,3,-0.53,-0.77
580,4,-0.45,-0.11
580,5,0.01,2.34
580,6,0.03,0.75
581,1,-0.58,0
581,2,-0.59,0
581,3,-0.58,-0.71
581,4,-0.58,11.71
581,5,-0.58,3.91
581,6,-0.59,0.53
582,1,0,0
582,2,-0.76,-0.73
582,3,0.97,0.48
582,4,0.41,0.17
582,5,1.21,0.71
582,6,0.93,-0.18
583,1,0,0
583,2,4.24,8.5
583,3,4.27,2.06
583,4,0.89,-0.48
583,5,3.09,2.12
583,6,1.53,0.28
584,1,0,0
584,2,-0.58,-0.83
584,3,-0.54,-0.86
584,4,-1.4,-1.46
584,5,-1.42,-1.07
584,6,-1.77,-1.32
585,1,0,0
585,2,0.08,-0.83
585,3,-0.58,-0.07
585,4,-0.53,-0.86
585,5,-0.51,-0.66
585,6,-0.51,-0.54
586,1,-0.41,0
586,2,-0.21,-1.64
586,3,-0.34,1.37
586,4,0.38,0.34
586,5,-0.08,3.02
586,6,0.79,8.94
587,1,0,0
587,2,-0.57,1.02
587,3,-0.28,2.79
587,4,-1.14,-1.03
587,5,0.39,-0.28
587,6,0.97,1.45
588,1,0,0
588,2,-0.89,-0.69
588,3,-0.7,-0.66
588,4,-1.46,-0.69
588,5,-0.87,-0.72
588,6,-1.22,-0.74
589,1,0,0
589,2,-0.06,-0.21
589,3,17.01,1.38
589,4,15.23,4.0
589,5,0.47,1.31
589,6,-0.03,0.36
590,1,0,0
590,2,1.73,-0.12
590,3,-0.31,0.15
590,4,0.35,0.46
590,5,0.54,0.03
590,6,1.21,1.59
591,1,0,0
591,2,-0.73,0.18
591,3,-1.48,-0.32
591,4,-0.38,-0.25
591,5,-0.15,-0.45
591,6,0.97,2.15
592,1,0,0
592,2,-1.03,0
592,3,-1.42,-1.09
592,4,-0.95,-1.32
592,5,-1.31,-0.8
592,6,-1.05,-0.92
593,1,0,0
593,2,0,0
593,3,0,0
593,4,0,0
593,5,0,0
593,6,0,0
594,1,0,0
594,2,-0.62,-0.54
594,3,1.43,-0.16
594,4,1.97,0.01
594,5,1.35,-0.66
594,6,7.11,2.54
595,1,0,0
595,2,-0.71,0.36
595,3,-0.44,0.6
595,4,-0.41,0.79
595,5,-0.38,0.71
595,6,-0.6,0.13
596,1,0,0
596,2,-0.51,-1.16
596,3,-2.09,-1.94
596,4,-0.4,-0.96
596,5,-0.79,-0.81
596,6,-0.8,-0.71
597,1,0,0
597,2,-0.81,-1.0
597,3,-0.48,-1.17
597,4,-0.41,-0.72
597,5,0.96,0.14
597,6,0.94,0.57
598,1,0,0
598,2,-0.51,0.29
598,3,0.14,1.16
598,4,-0.06,1.15
598,5,-0.76,-0.53
598,6,-1.27,-0.79
599,1,0,0
599,2,-0.79,-0.48
599,3,-0.97,-0.45
599,4,-0.6,-0.42
599,5,-0.35,-0.28
599,6,0.98,0.35
600,1,0,0
600,2,1.13,-0.42
600,3,-0.03,12.32
600,4,0.69,24.89
600,5,-0.32,10.37
600,6,-0.42,2.22
601,1,0,0
601,2,-0.27,-0.09
601,3,-0.55,1.01
601,4,0.07,0.38
601,5,-0.32,-0.17
601,6,-0.69,-0.7
602,1,0,0
602,2,-0.58,0
602,3,-0.82,-1.11
602,4,-0.64,-0.49
602,5,-0.76,-0.61
602,6,-0.92,0.4
603,1,0,0
603,2,-0.55,-0.26
603,3,0.08,0.59
603,4,-0.67,0.19
603,5,-0.33,1.71
603,6,-0.23,2.08
604,1,0,0
604,2,-0.56,-0.41
604,3,-0.56,-0.39
604,4,-0.63,-0.42
604,5,-0.58,-0.31
604,6,-0.41,0.29
605,1,0,0
605,2,0.48,-0.17
605,3,-0.36,-0.33
605,4,-0.08,-0.63
605,5,0.4,0.18
605,6,-0.02,-0.04
606,1,0,0
606,2,-0.43,-0.66
606,3,-0.4,-1.63
606,4,-0.27,-1.34
606,5,-0.46,-1.15
606,6,-0.51,-1.33
607,1,0,0
607,2,-0.47,-0.25
607,3,-0.47,-0.41
607,4,-0.46,-0.42
607,5,-0.34,1.23
607,6,-0.32,0.25
608,1,0,0
608,2,-0.62,-0.33
608,3,-0.61,-0.48
608,4,-0.57,-0.94
608,5,-0.56,-1.32
608,6,-0.5,-0.65
609,1,0,0
609,2,0,0
609,3,-1.38,0
609,4,-0.9,0
609,5,-0.85,0
609,6,-0.76,0
610,1,0,0
610,2,0.3,-0.31
610,3,-0.87,-0.43
610,4,-0.24,-1.11
610,5,0.23,-0.89
610,6,2.42,0.98
611,1,0,0
611,2,0.04,-0.57
611,3,-1.07,2.2
611,4,-0.74,3.94
611,5,-0.85,-0.87
611,6,-1.03,-1.07
612,1,0,0
612,2,-1.69,-0.84
612,3,-0.61,-0.28
612,4,-0.54,-0.32
612,5,0.32,0.34
612,6,0.53,0.56
613,1,0,0
613,2,-0.61,-0.35
613,3,-0.5,-0.29
613,4,-0.13,0.1
613,5,-0.59,-0.06
613,6,-1.29,-0.77
614,1,0,0
614,2,-1.26,-0.59
614,3,-3.09,-1.04
614,4,-3.6,-0.22
614,5,-1.15,-0.75
614,6,-1.32,-0.67
615,1,0,0
615,2,-0.35,0.17
615,3,0.57,0.11
615,4,-1.35,-1.19
615,5,-0.66,-0.72
615,6,-0.46,-1.01
616,1,0,0
616,2,-2.32,-0.86
616,3,-4.16,-2.04
616,4,-0.98,-1.52
616,5,-2.36,-2.94
616,6,-3.43,-2.82
617,1,0,0
617,2,-0.59,-0.42
617,3,-0.4,-0.19
617,4,-0.7,-0.39
617,5,-0.65,-0.22
617,6,-0.58,-0.42
618,1,0,0
618,2,0,0
618,3,-1.0,-0.95
618,4,-1.0,-0.48
618,5,-0.88,-1.16
618,6,-1.43,-1.2
619,1,0,0
619,2,-0.21,1.43
619,3,-0.43,-2.16
619,4,-0.42,-0.74
619,5,-0.68,-1.16
619,6,-0.64,-1.9
620,1,0,0
620,2,-0.48,-0.24
620,3,-0.44,-0.81
620,4,-0.05,-2.16
620,5,-0.15,-0.35
620,6,1.34,2.4
621,1,0,0
621,2,-0.66,-0.44
621,3,-0.69,-0.43
621,4,-0.37,1.83
621,5,-0.59,0.22
621,6,-0.11,2.35
622,1,0,0
622,2,-0.34,0.63
622,3,0.55,1.06
622,4,0.7,-0.48
622,5,-1.34,-0.86
622,6,-2.06,-1.09
623,1,0,0
623,2,-0.68,-0.52
623,3,-2.19,-0.97
623,4,-1.42,-0.88
623,5,-1.87,-1.07
623,6,-1.77,-0.96
624,1,0,0
624,2,0,0
624,3,-0.64,-1.08
624,4,-0.91,-0.52
624,5,-1.18,-1.43
624,6,-0.84,-1.07
625,1,0,0
625,2,2.8,0.81
625,3,0.41,1.04
625,4,-0.51,-0.38
625,5,-0.3,-0.43
625,6,-0.49,-0.5
626,1,0,0
626,2,-0.62,-0.49
626,3,-0.56,-0.5
626,4,-1.29,-1.14
626,5,-0.83,-0.95
626,6,-1.65,-0.56
627,1,0,0
627,2,-0.52,-0.84
627,3,-0.13,0.99
627,4,-0.36,0.77
627,5,-0.02,1.84
627,6,-0.25,2.65
628,1,0,0
628,2,-1.0,0
628,3,-0.57,0
628,4,-0.79,0
628,5,-0.41,0
628,6,-0.35,0
629,1,0,0
629,2,-0.5,0
629,3,5.25,0
629,4,-0.1,0
629,5,-0.5,0
629,6,-0.73,0
630,1,-0.58,0
630,2,-0.98,-0.58
630,3,-1.56,-0.54
630,4,-0.92,-0.53
630,5,-1.93,-0.63
630,6,-1.79,-0.68
631,1,0,0
631,2,-1.02,-0.58
631,3,-1.37,-0.6
631,4,-0.81,-1.31
631,5,-0.55,-0.67
631,6,-0.91,-0.54
632,1,0,0
632,2,-0.58,0
632,3,12.29,23.26
632,4,1.32,1.49
632,5,-0.15,0.1
632,6,-0.55,-0.69
633,1,0,0
633,2,-0.93,-1.0
633,3,-0.59,-1.67
633,4,-1.36,-2.74
633,5,-0.99,-0.03
633,6,-1.24,0.16
634,1,0,0
634,2,-0.96,-1.13
634,3,0.01,0.42
634,4,0.19,2.11
634,5,-0.95,-0.58
634,6,-0.42,-0.92
635,1,0,0
635,2,-0.99,-1.04
635,3,1.96,-0.88
635,4,2.6,-0.93
635,5,0.26,-1.05
635,6,0.51,-6.73
636,1,0,0
636,2,-0.87,-0.4
636,3,-0.68,-0.96
636,4,-1.21,-2.43
636,5,-0.54,-1.63
636,6,-0.42,1.77
637,1,0,0
637,2,-0.51,-0.48
637,3,-1.91,-1.41
637,4,-0.67,-1.0
637,5,-0.54,-0.66
637,6,-0.53,-0.23
638,1,0,0
638,2,-1.27,-0.61
638,3,-0.95,-0.6
638,4,-0.81,-0.75
638,5,-1.01,-1.06
638,6,-1.94,-1.41
639,1,0,0
639,2,0.53,-0.34
639,3,2.18,1.96
639,4,3.65,4.33
639,5,-0.64,-0.5
639,6,-2.57,-1.27
640,1,0,0
640,2,-0.72,0
640,3,0.7,0
640,4,1.01,0
640,5,0.7,0
640,6,-0.18,0
641,1,0,0
641,2,-0.08,-0.32
641,3,-0.05,-0.36
641,4,-0.23,-0.46
641,5,-0.27,-0.17
641,6,-0.35,0.0
642,1,0,0
642,2,-0.69,-0.91
642,3,-0.74,-2.28
642,4,-0.92,-1.32
642,5,0.01,-0.8
642,6,0.58,-0.8
643,1,-0.45,0
643,2,-0.42,0
643,3,-0.42,0
643,4,-0.41,0
643,5,-0.4,0
643,6,-0.4,0
644,1,0,0
644,2,-1.02,0
644,3,-1.15,0
644,4,-0.66,0
644,5,-0.83,0
644,6,-0.85,0
645,1,0,0
645,2,0,0
645,3,-0.73,-1.43
645,4,-0.58,-0.79
645,5,-0.56,-0.61
645,6,-0.76,-0.44
646,1,0,0
646,2,-1.0,0
646,3,-1.13,0.45
646,4,-5.38,-0.53
646,5,-6.95,-0.69
646,6,-3.32,-1.08
647,1,-1.0,0
647,2,-1.0,0
647,3,-1.0,0.99
647,4,-1.0,0.96
647,5,-1.0,-0.8
647,6,-1.01,-0.68
648,1,0,0
648,2,-0.7,0
648,3,-0.8,-1.94
648,4,-0.71,-0.71
648,5,-0.73,-1.14
648,6,-0.78,-0.89
649,1,0,0
649,2,1.89,0
649,3,-0.95,0
649,4,-0.65,0
649,5,-1.07,0
649,6,-0.38,0
650,1,0,0
650,2,-0.57,-1.48
650,3,-0.68,-1.97
650,4,-0.12,-0.6
650,5,1.36,-0.99
650,6,2.06,-0.73
651,1,0,0
651,2,0.49,0
651,3,1.28,0
651,4,3.66,0
651,5,17.11,0
651,6,17.35,0
652,1,0,0
652,2,-0.75,0
652,3,-0.39,0
652,4,-1.73,0
652,5,-1.17,0
652,6,-0.86,0
653,1,-0.45,0
653,2,-0.46,-0.71
653,3,-0.5,-2.33
653,4,-0.49,-1.91
653,5,-0.7,-0.71
653,6,-0.68,-0.1
654,1,0,0
654,2,0.19,-0.96
654,3,-0.73,-0.38
654,4,-0.35,-1.76
654,5,0.09,-0.85
654,6,-0.62,-1.14
655,1,0,0
655,2,3.15,0
655,3,0.57,0
655,4,7.6,0
655,5,4.4,0
655,6,2.08,0
656,1,0,0
656,2,-0.6,-0.57
656,3,0.41,4.76
656,4,0.17,-7.17
656,5,0.18,-4.33
656,6,-1.53,-0.34
657,1,0,0
657,2,0,0
657,3,-0.92,-37.0
657,4,-1.14,-31.0
657,5,-1.41,-4.44
657,6,-0.03,-1.8
658,1,0,0
658,2,264.16,2.27
658,3,96.73,3.37
658,4,43.88,7.92
658,5,38.91,6.62
658,6,38.17,4.56
659,1,0,0
659,2,-0.42,-0.7
659,3,-0.41,-0.62
659,4,-0.4,-0.6
659,5,-0.42,-0.39
659,6,-0.73,-0.63
660,1,0,0
660,2,-0.5,0
660,3,-0.83,0
660,4,-0.7,0
660,5,0.67,0
660,6,-0.06,0
661,1,0,0
661,2,-0.52,-1.0
661,3,-0.56,-1.11
661,4,-0.6,-1.39
661,5,-0.68,-1.28
661,6,-0.87,-1.03
662,1,0,0
662,2,0.35,0
662,3,-0.76,0
662,4,-0.94,0
662,5,-1.02,0
662,6,-2.28,0
663,1,0,0
663,2,0,0
663,3,-0.33,0.0
663,4,-1.0,-0.57
663,5,-1.03,0.73
663,6,-0.61,0.06
664,1,0,0
664,2,-0.67,-1.25
664,3,0.78,5.69
664,4,0.1,-0.25
664,5,-0.44,-1.11
664,6,-0.29,-0.92
665,1,0,0
665,2,8.28,0
665,3,13.04,0
665,4,33.19,0
665,5,4.06,0
665,6,5.09,0
666,1,0,0
666,2,0.02,98.93
666,3,0.33,517.53
666,4,2.31,475.44
666,5,0.79,115.94
666,6,0.28,54.24
667,1,0,0
667,2,-0.68,-0.55
667,3,0.23,-0.56
667,4,-0.24,-1.05
667,5,1.12,-0.56
667,6,-0.15,-0.33
668,1,0,0
668,2,0.22,-0.45
668,3,-0.68,-0.62
668,4,-0.23,-0.19
668,5,0.77,0.59
668,6,2.58,0.62
669,1,0,0
669,2,-0.3,4.71
669,3,-0.39,7.19
669,4,-0.35,4.41
669,5,-0.42,2.91
669,6,-0.83,8.67
670,1,0,0
670,2,-1.19,-1.0
670,3,-0.68,-0.21
670,4,-0.78,2.5
670,5,1.7,16.24
670,6,20.39,6.65
671,1,0,0
671,2,-0.46,-0.65
671,3,0.85,-0.77
671,4,1.64,-1.34
671,5,-0.14,-1.6
671,6,0.17,-1.7
672,1,0,0
672,2,-1.24,-0.64
672,3,1.78,1.3
672,4,0.88,0.37
672,5,0.82,1.33
672,6,-0.29,-1.64
673,1,0,0
673,2,-0.99,0
673,3,0.62,0
673,4,-1.26,0
673,5,-1.07,0
673,6,-0.89,0
674,1,0,0
674,2,-0.53,-0.69
674,3,-0.26,-0.71
674,4,-0.25,0.72
674,5,-0.66,-0.26
674,6,-1.01,-1.25
675,1,-0.71,0
675,2,-0.71,0
675,3,-0.72,0.0
675,4,-0.71,-0.16
675,5,-0.71,1.2
675,6,-0.71,0.01
676,1,0,0
676,2,-0.46,-0.64
676,3,0.02,-0.62
676,4,0.21,-0.29
676,5,0.79,-0.38
676,6,0.14,-0.7
677,1,0,0
677,2,6.94,-0.46
677,3,1.96,1.09
677,4,0.6,-0.35
677,5,0.18,0.23
677,6,0.0,0.47
678,1,0,0
678,2,-0.76,-0.97
678,3,-1.27,-1.22
678,4,-0.75,-2.95
678,5,-0.66,-2.46
678,6,-0.42,-3.67
679,1,0,0
679,2,0.39,0.18
679,3,1.74,32.78
679,4,0.99,0.95
679,5,0.53,-0.2
679,6,0.29,-0.3
680,1,0,0
680,2,-0.43,0
680,3,-0.56,0
680,4,-0.64,0
680,5,-0.82,0
680,6,-0.66,0
681,1,0,0
681,2,0,0
681,3,0.27,2.5
681,4,0.77,71.0
681,5,-0.73,-1.44
681,6,0.07,-0.21
682,1,0,0
682,2,-0.23,-0.27
682,3,-0.86,-1.19
682,4,-0.24,-3.55
682,5,-0.34,-0.79
682,6,-0.13,0.58
683,1,0,0
683,2,4.49,0
683,3,0.76,0
683,4,0.2,0
683,5,0.75,0
683,6,1.7,0
684,1,0,0
684,2,-0.1,0
684,3,-0.65,0
684,4,0.72,0
684,5,0.07,0
684,6,0.72,0
685,1,0,0
685,2,-0.72,0
685,3,0.22,0
685,4,0.44,0
685,5,-0.25,0
685,6,-0.34,0
686,1,0,0
686,2,-1.2,-1.3
686,3,12.96,2.27
686,4,-0.17,3.64
686,5,1.35,4.02
686,6,0.53,22.21
687,1,0,0
687,2,-0.03,0
687,3,0.22,69.0
687,4,-0.35,4.15
687,5,-0.28,1.75
687,6,-0.32,0.94
688,1,0,0
688,2,-0.53,0
688,3,-0.56,0
688,4,-0.45,0
688,5,-0.66,0
688,6,-0.71,0
689,1,0,0
689,2,-0.92,0
689,3,-0.46,0
689,4,-0.21,0
689,5,-0.65,0
689,6,-0.76,0
690,1,0,0
690,2,-0.75,0
690,3,-0.94,0
690,4,-0.58,0
690,5,-0.76,0
690,6,-0.69,0
691,1,0,0
691,2,-1.01,0
691,3,1.16,0
691,4,-13.4,0
691,5,-7.13,0
691,6,-0.96,0
692,1,0,0
692,2,0,0
692,3,0,-1.15
692,4,-1.0,-0.64
692,5,-17.67,-1.68
692,6,-44.0,-1.76
693,1,0,0
693,2,0,0
693,3,-0.28,-0.26
693,4,-0.75,-0.79
693,5,-0.13,-0.66
693,6,-0.15,-2.34
694,1,0,0
694,2,0,0
694,3,-0.4,-2.0
694,4,0.0,-1.0
694,5,-0.46,-12.56
694,6,1.72,-1.47
695,1,0,0
695,2,0,0
695,3,-0.04,0
695,4,-0.19,0
695,5,0.11,0
695,6,-0.42,0
696,1,0,0
696,2,-0.6,0
696,3,0.79,0
696,4,-0.6,0
696,5,-1.76,0
696,6,-2.34,0
697,1,-0.45,0
697,2,0.75,4.09
697,3,-0.7,-1.38
697,4,-0.39,-5.94
697,5,-1.19,-0.48
697,6,-1.72,-0.46
698,1,0,0
698,2,-0.17,0
698,3,-0.67,0
698,4,-0.39,0
698,5,-0.05,0
698,6,-0.05,0
699,1,0,0
699,2,18.97,0
699,3,39.57,0
699,4,14.78,0
699,5,13.47,0
699,6,10.33,0
700,1,0,0
700,2,-0.95,0
700,3,-1.72,0
700,4,-0.74,0
700,5,-0.6,0
700,6,-0.96,0
701,1,0,0
701,2,-0.67,0
701,3,-0.73,0
701,4,-0.77,0
701,5,-0.79,0
701,6,-0.72,0
702,1,0,0
702,2,23.98,0
702,3,0.26,0
702,4,6.56,0
702,5,5.37,0
702,6,10.51,0
703,1,0,0
703,2,-0.98,-1.01
703,3,-0.93,-0.83
703,4,0.04,2.7
703,5,-0.7,-0.32
703,6,-0.57,1.69
704,1,0,0
704,2,-0.56,0
704,3,-0.6,0
704,4,-0.52,0
704,5,-0.42,0
704,6,-0.26,0
705,1,0,0
705,2,-0.56,0
705,3,-0.81,0
705,4,-0.32,0
705,5,-0.64,0
705,6,-1.01,0
706,1,0,0
706,2,0.95,0
706,3,-1.27,0
706,4,-0.98,0
706,5,-0.77,0
706,6,-0.79,0
707,1,0,0
707,2,-0.44,0
707,3,-0.43,0
707,4,0.02,0
707,5,1.64,0
707,6,0.47,0
708,1,0,0
708,2,8.44,1.66
708,3,0.38,0.07
708,4,0.43,-0.01
708,5,0.69,1.75
708,6,0.6,0.59
709,1,0,0
709,2,-0.42,-2.18
709,3,0.24,-2.75
709,4,-0.06,-13.35
709,5,0.15,-2.28
709,6,0.42,-1.91
710,1,0,0
710,2,-1.06,-1.04
710,3,-0.98,-1.41
710,4,-1.29,-3.4
710,5,-0.94,-3.8
710,6,-0.72,-0.94
711,1,0,0
711,2,-1.02,0
711,3,-0.86,0
711,4,-0.78,0
711,5,-0.89,0
711,6,-1.22,0
712,1,0,0
712,2,1.51,0
712,3,-0.41,0
712,4,-1.1,0
712,5,-0.69,0
712,6,-0.83,0
713,1,0,0
713,2,4.22,0
713,3,-1.02,0
713,4,1.71,0
713,5,0.84,0
713,6,-0.95,0
714,1,-0.5,0
714,2,-0.5,0
714,3,-0.5,1.0
714,4,-0.5,0
714,5,-0.5,20.14
714,6,-0.49,16.67
715,1,-0.71,0
715,2,-0.92,0
715,3,-0.77,0
715,4,-0.76,0
715,5,-0.7,0
715,6,-0.46,0
716,1,-0.58,0
716,2,-0.59,0
716,3,-0.58,0
716,4,-0.58,0
716,5,-0.59,0
716,6,-0.59,0
717,1,-0.58,0
717,2,-0.58,0
717,3,-0.58,0
717,4,-0.57,0
717,5,-0.58,0
717,6,-0.57,0
718,1,-0.41,0
718,2,-0.42,0
718,3,-0.41,0
718,4,-0.41,0
718,5,-0.42,0
718,6,-0.42,0
719,1,0,0
719,2,0,0
719,3,0,0
719,4,-0.29,0
719,5,2.81,0
719,6,2.55,0
720,1,0,0
720,2,-0.8,0
720,3,-0.63,0
720,4,-0.92,0
720,5,-0.38,0
720,6,-0.27,0
721,1,0,0
721,2,0,0
721,3,-0.68,0
721,4,0.74,0
721,5,6.82,0
721,6,67.72,0
722,1,-0.58,0
722,2,-0.58,0
722,3,-0.58,0
722,4,-0.58,0
722,5,-0.59,0
722,6,-0.59,0
723,1,0,0
723,2,-0.54,0
723,3,-1.01,0
723,4,-0.42,0
723,5,-0.68,0
723,6,-2.11,0
724,1,-0.58,0
724,2,-0.63,0
724,3,-0.31,0
724,4,-0.59,0
724,5,-0.69,0
724,6,-0.63,0
725,1,0,0
725,2,-0.48,0
725,3,-1.39,0
725,4,-1.04,0
725,5,-1.15,0
725,6,-0.44,0
726,1,-0.41,0
726,2,-0.33,0
726,3,-0.44,0
726,4,-0.4,0
726,5,-0.41,0
726,6,-0.41,0
727,1,0,0
727,2,0,0
727,3,-0.98,0
727,4,-0.72,0
727,5,-0.15,0
727,6,-0.31,0
