districtid,monthid,neighbormean,neighborstdev
101,1,0,0.0
101,2,39.4,62.17
101,3,185.2,184.67
101,4,88,35.21
101,5,355,91.31
101,6,562.6,257.3
102,1,0,0.0
102,2,25.67,32.5
102,3,168.67,217.97
102,4,438.89,326.0
102,5,564.22,295.7
102,6,706.67,395.8
103,1,0,0.0
103,2,48.71,33.61
103,3,95.71,91.34
103,4,257.43,131.29
103,5,655.14,349.05
103,6,505,338.92
104,1,0,0.0
104,2,851.43,897.94
104,3,3687.57,4715.6
104,4,12439.29,16135.65
104,5,22625.86,26240.37
104,6,22826.57,24737.38
105,1,4.86,11.1
105,2,6.86,16.8
105,3,581.14,1244.75
105,4,2053,4534.72
105,5,7147.14,16534.08
105,6,8945.71,20669.66
106,1,0,0.0
106,2,119.5,187.25
106,3,405.5,375.53
106,4,499.33,490.23
106,5,1127.5,888.64
106,6,1574.33,1869.53
107,1,0,0.0
107,2,25,31.12
107,3,116.67,88.29
107,4,309.33,145.0
107,5,1538,572.31
107,6,1925,662.82
108,1,0,0.0
108,2,4.25,2.86
108,3,91.75,25.88
108,4,352.25,69.09
108,5,1720.25,454.88
108,6,2958.5,748.72
109,1,0,0.0
109,2,32.12,40.62
109,3,164.38,181.99
109,4,574.5,758.57
109,5,812,736.22
109,6,952.12,698.22
110,1,10.67,15.08
110,2,15.67,22.87
110,3,1340.33,1608.1
110,4,4540.67,6062.7
110,5,16673.33,21868.66
110,6,21308.33,27016.91
111,1,0,0.0
111,2,14.67,17.89
111,3,27.83,9.87
111,4,96.5,67.72
111,5,450,250.5
111,6,694.5,686.51
112,1,0,0.0
112,2,0.33,0.75
112,3,92.17,102.9
112,4,81.33,78.49
112,5,243.5,341.45
112,6,497.83,531.55
113,1,0,0.0
113,2,94.17,196.72
113,3,364.33,431.82
113,4,615.17,478.0
113,5,1083.17,922.95
113,6,1603.5,1892.7
114,1,0,0.0
114,2,14.67,16.96
114,3,38.5,13.1
114,4,170.83,136.9
114,5,950.33,706.85
114,6,2095.83,1133.0
115,1,0,0.0
115,2,7,6.11
115,3,149,32.48
115,4,253.33,128.88
115,5,1530,784.7
115,6,2183.5,2051.47
116,1,0,0.0
116,2,5.8,3.25
116,3,119.6,55.1
116,4,188.8,138.29
116,5,991.2,235.36
116,6,1490.2,632.71
117,1,0,0.0
117,2,53.5,70.86
117,3,221.7,266.59
117,4,293.6,352.1
117,5,1362.2,2209.26
117,6,3536.2,7656.99
118,1,0,0.0
118,2,28.8,20.35
118,3,43,24.27
118,4,272.6,183.21
118,5,1012.4,670.45
118,6,1040.8,901.23
119,1,0,0.0
119,2,100.67,56.39
119,3,20.33,18.12
119,4,88.67,26.56
119,5,419.33,158.07
119,6,1085,577.93
120,1,0,0.0
120,2,53.83,59.3
120,3,189,63.98
120,4,529.67,236.73
120,5,920.33,474.66
120,6,1376,979.24
121,1,0,0.0
121,2,1213,1882.2
121,3,2579.25,3904.39
121,4,2313,2834.36
121,5,2250.5,1877.8
121,6,1997.25,1630.13
122,1,0,0.0
122,2,63.43,103.93
122,3,135.43,82.22
122,4,1234.71,934.89
122,5,9938,8431.57
122,6,11307.57,7818.51
123,1,0,0.0
123,2,20.22,24.12
123,3,204.33,161.91
123,4,380.78,351.84
123,5,951.33,1344.06
123,6,759,1059.52
124,1,0,0.0
124,2,3.22,5.09
124,3,70.67,57.99
124,4,214.33,255.56
124,5,853.11,720.99
124,6,1927.78,1854.64
125,1,0,0.0
125,2,0,0.0
125,3,28,27.0
125,4,28,26.0
125,5,127,56.0
125,6,154.5,78.5
126,1,0,0.0
126,2,0.67,1.11
126,3,58.83,52.6
126,4,36.33,47.95
126,5,152.17,204.59
126,6,525.5,563.01
127,1,0,0.0
127,2,7,1.87
127,3,151.25,35.32
127,4,149,34.15
127,5,1203,337.73
127,6,1444.5,514.79
128,1,0,0.0
128,2,77.33,85.67
128,3,212.67,129.2
128,4,198,130.09
128,5,497.33,261.88
128,6,463,277.33
129,1,0,0.0
129,2,136.5,152.49
129,3,67,40.12
129,4,735,497.01
129,5,2959.25,1355.2
129,6,3664.25,2843.94
130,1,0,0.0
130,2,31.67,23.36
130,3,150.83,42.23
130,4,425.5,511.73
130,5,3743.83,4005.2
130,6,2447.5,2434.59
131,1,0,0.0
131,2,1.6,1.74
131,3,57.4,88.1
131,4,89,67.36
131,5,310.8,149.09
131,6,621.8,266.93
132,1,0.06,0.34
132,2,0.03,0.17
132,3,29.15,76.09
132,4,73.42,211.07
132,5,269.52,489.23
132,6,348.52,669.72
133,1,0,0.0
133,2,13.5,13.96
133,3,75.75,30.33
133,4,158.25,91.35
133,5,646,160.05
133,6,843,294.84
134,1,0,0.0
134,2,18.75,23.91
134,3,105,64.66
134,4,146.25,85.71
134,5,1739,1002.46
134,6,1159,439.29
135,1,0,0.0
135,2,169.8,235.03
135,3,566.4,515.81
135,4,2214.2,2130.89
135,5,7416.6,4906.97
135,6,11450.6,7729.52
136,1,0,0.0
136,2,10.5,6.58
136,3,152,55.22
136,4,161.17,117.31
136,5,830.5,350.04
136,6,1207.83,599.29
137,1,0,0.0
137,2,4.17,2.48
137,3,158.5,105.18
137,4,237,150.68
137,5,1443,999.82
137,6,1903.33,2133.15
138,1,0,0.0
138,2,15.6,23.19
138,3,158.4,129.83
138,4,302.2,131.03
138,5,3359.4,1216.01
138,6,4828.4,1786.24
139,1,0,0.0
139,2,0.33,0.47
139,3,54.33,13.27
139,4,61,47.24
139,5,112.67,51.45
139,6,289.67,67.38
140,1,214.71,525.94
140,2,986,2246.97
140,3,4311.86,10009.05
140,4,11619.29,26160.72
140,5,6103.29,11777.0
140,6,7498.29,13616.25
141,1,0,0.0
141,2,8,6.36
141,3,85.4,66.06
141,4,139.4,137.68
141,5,786.6,323.33
141,6,1508.2,611.6
142,1,0,0.0
142,2,31.29,72.98
142,3,130.29,214.83
142,4,234.86,346.1
142,5,1334.14,2651.89
142,6,4562.86,8943.92
143,1,0,0.0
143,2,0.67,1.49
143,3,40.5,18.05
143,4,63.5,60.16
143,5,357.83,234.37
143,6,1111.17,620.69
144,1,0,0.0
144,2,12.5,7.95
144,3,106.5,68.52
144,4,204.33,106.43
144,5,959.67,701.21
144,6,2534,1469.41
145,1,0,0.0
145,2,59.12,100.34
145,3,148.88,136.16
145,4,860,1074.75
145,5,7796.88,9557.58
145,6,7877.5,6382.55
146,1,0,0.0
146,2,11.71,12.01
146,3,127,38.25
146,4,241.29,83.35
146,5,1615.29,545.93
146,6,1353.43,471.48
147,1,0,0.0
147,2,2.25,3.9
147,3,34.25,21.09
147,4,126.5,106.18
147,5,465.5,353.9
147,6,1600.5,1190.51
148,1,0,0.0
148,2,0.14,0.35
148,3,91.43,38.87
148,4,160.29,196.99
148,5,726.57,1215.77
148,6,2426.86,3589.59
149,1,0,0.0
149,2,3.5,6.52
149,3,44.88,29.39
149,4,49.75,27.61
149,5,322.38,250.59
149,6,516.38,196.28
150,1,0,0.0
150,2,19,9.42
150,3,87.33,42.07
150,4,100.67,43.52
150,5,746,376.9
150,6,1022.67,444.96
151,1,0,0.0
151,2,2.67,3.54
151,3,86.5,28.87
151,4,213,205.35
151,5,937,1265.09
151,6,2946.5,3804.1
152,1,0,0.0
152,2,27,18.36
152,3,127.5,60.19
152,4,250.83,115.56
152,5,501,165.35
152,6,380.67,172.53
153,1,0,0.0
153,2,3.71,3.01
153,3,41.29,23.93
153,4,51.71,31.07
153,5,286.86,139.47
153,6,342.57,156.48
154,1,0,0.0
154,2,29.6,19.58
154,3,241.2,141.47
154,4,631.4,364.2
154,5,1365.6,1653.38
154,6,1338.4,1167.76
155,1,0,0.0
155,2,14.5,19.97
155,3,79.5,101.03
155,4,202,239.79
155,5,1034.67,816.73
155,6,848.5,625.53
156,1,0,0.0
156,2,26.5,43.12
156,3,179,177.2
156,4,220,288.61
156,5,1310.17,1042.68
156,6,2110.33,1288.16
157,1,0,0.0
157,2,12.83,12.35
157,3,89.67,128.51
157,4,69.33,45.8
157,5,288.83,198.9
157,6,365,204.75
158,1,0,0.0
158,2,18.71,21.85
158,3,123.71,79.39
158,4,365.43,613.87
158,5,2422.71,3853.24
158,6,3598.43,5602.57
159,1,0,0.0
159,2,27.2,19.07
159,3,206.2,106.9
159,4,422,413.41
159,5,1435,1631.13
159,6,1431.8,1159.94
160,1,0,0.0
160,2,26,42.97
160,3,129,126.37
160,4,99.6,89.81
160,5,647.2,819.02
160,6,1075.2,1040.72
161,1,0,0.0
161,2,5.4,4.03
161,3,95.4,63.8
161,4,181,87.83
161,5,1167.6,375.32
161,6,1776.8,532.64
162,1,0,0.0
162,2,0.57,0.9
162,3,56,36.12
162,4,72.86,52.29
162,5,358.43,316.75
162,6,1185.71,564.42
163,1,0,0.0
163,2,141,209.35
163,3,400.8,427.38
163,4,631.4,616.58
163,5,1502.4,1544.5
163,6,1359.4,1788.91
164,1,0,0.0
164,2,65.8,38.63
164,3,46.8,58.14
164,4,352.6,397.67
164,5,1291.2,1531.37
164,6,2097,2005.21
165,1,0,0.0
165,2,55.17,61.79
165,3,300.33,471.54
165,4,984.17,1519.9
165,5,2347.67,3335.37
165,6,4053.33,5286.89
166,1,0,0.0
166,2,0.17,0.37
166,3,7.33,9.69
166,4,69.17,53.89
166,5,439.5,401.29
166,6,1043.17,853.03
167,1,0,0.0
167,2,12.6,11.24
167,3,120.8,24.74
167,4,164.4,86.41
167,5,926.8,326.07
167,6,1184,601.51
168,1,0,0.0
168,2,33.83,21.73
168,3,20.33,19.84
168,4,70.67,33.09
168,5,312.33,112.77
168,6,889.83,192.65
169,1,0,0.0
169,2,116.17,230.02
169,3,419.33,608.93
169,4,1329.83,1992.37
169,5,4457.67,3387.44
169,6,5912.5,3950.04
170,1,0,0.0
170,2,33.2,23.69
170,3,161.2,65.47
170,4,490.4,543.41
170,5,3564.4,4518.96
170,6,2243.8,2819.94
171,1,0.78,2.2
171,2,15,12.98
171,3,199.56,203.18
171,4,613.89,538.96
171,5,4117.44,2630.69
171,6,6575.44,4645.64
172,1,0,0.0
172,2,15.67,18.61
172,3,109.33,149.79
172,4,3208.17,6512.58
172,5,11253.33,21199.91
172,6,13179.5,24414.09
173,1,0,0.0
173,2,6.67,9.43
173,3,21.33,6.94
173,4,305,66.35
173,5,1761.33,601.92
173,6,1814,673.2
174,1,0,0.0
174,2,24.2,27.58
174,3,92.2,101.77
174,4,150.6,177.96
174,5,617.2,793.11
174,6,771.4,976.52
175,1,0,0.0
175,2,20.25,19.51
175,3,177,128.72
175,4,387,149.25
175,5,2747,1334.14
175,6,3198.75,2492.59
176,1,0,0.0
176,2,36,31.98
176,3,146.75,74.56
176,4,311.75,162.06
176,5,722.5,206.15
176,6,2022,693.37
177,1,0,0.0
177,2,14.75,17.25
177,3,134.25,85.96
177,4,148.38,91.31
177,5,1131.25,588.99
177,6,1067,701.33
178,1,0,0.0
178,2,42.4,83.8
178,3,164.2,244.54
178,4,283.8,386.31
178,5,1868.4,2977.43
178,6,6264.4,10112.54
179,1,0,0.0
179,2,74.71,141.25
179,3,104.14,73.84
179,4,415.43,298.26
179,5,1012.14,1310.83
179,6,969.29,860.72
180,1,0,0.0
180,2,207.75,194.27
180,3,603,612.74
180,4,1805.5,2149.7
180,5,2816.75,3086.3
180,6,2455.25,2507.21
181,1,0,0.0
181,2,1503,2093.82
181,3,3115,4385.48
181,4,2439.33,3319.05
181,5,1972.33,2213.93
181,6,1680.33,1765.01
182,1,0,0.0
182,2,57.5,50.82
182,3,121.5,105.26
182,4,127.17,123.89
182,5,561,616.47
182,6,692.67,530.16
183,1,0,0.0
183,2,74.86,141.12
183,3,109.14,75.42
183,4,396.86,256.44
183,5,1093.29,732.94
183,6,1282.57,917.61
184,1,0,0.0
184,2,4.29,3.95
184,3,119.43,70.95
184,4,273.43,189.61
184,5,443.43,305.52
184,6,742.29,573.21
185,1,0,0.0
185,2,29.33,26.02
185,3,125.33,60.65
185,4,425.5,515.52
185,5,3719.67,4013.56
185,6,2383,2491.38
186,1,0,0.0
186,2,8.4,14.37
186,3,19.6,12.29
186,4,45.6,20.17
186,5,274.8,101.34
186,6,411,118.87
187,1,118,236.0
187,2,179.6,298.28
187,3,852.6,1155.66
187,4,6517.4,11840.41
187,5,12437,17804.41
187,6,15247,20255.18
188,1,118,236.0
188,2,155,310.0
188,3,633,1242.14
188,4,6081.6,12052.74
188,5,9729.8,19123.28
188,6,11474.4,22136.88
189,1,0,0.0
189,2,30.62,59.24
189,3,161.5,101.66
189,4,330,246.18
189,5,1131.5,602.19
189,6,1915.12,907.89
190,1,0,0.0
190,2,100.33,203.52
190,3,296.17,405.92
190,4,422.5,603.1
190,5,1031,1526.18
190,6,1117.17,1694.84
191,1,0,0.0
191,2,0.5,1.12
191,3,95.67,45.46
191,4,93,77.44
191,5,126.17,76.55
191,6,526,245.52
192,1,0,0.0
192,2,12,20.54
192,3,47.6,39.68
192,4,87.8,50.85
192,5,276.8,204.04
192,6,430,230.74
193,1,0,0.0
193,2,3.67,2.87
193,3,69.33,54.2
193,4,76.5,66.95
193,5,776.33,606.52
193,6,1202.17,901.55
194,1,0,0.0
194,2,2.8,2.79
194,3,92.8,26.46
194,4,92.4,48.44
194,5,644.8,240.49
194,6,1465,375.08
195,1,0,0.0
195,2,909.6,1777.33
195,3,1907.4,3704.85
195,4,1688,2726.05
195,5,1960,1663.57
195,6,1807,1436.37
196,1,0,0.0
196,2,3.6,5.75
196,3,66.4,40.51
196,4,110.2,53.3
196,5,496.6,256.49
196,6,1277.4,548.08
197,1,0,0.0
197,2,16.12,16.17
197,3,115.12,63.15
197,4,299.5,149.47
197,5,1381.62,926.98
197,6,1862,1085.1
198,1,0,0.0
198,2,36.17,23.37
198,3,320.67,133.29
198,4,561,365.7
198,5,1369.83,1499.91
198,6,1006.67,1206.24
199,1,0,0.0
199,2,48.2,44.43
199,3,226.4,199.51
199,4,847.8,867.39
199,5,1210.6,808.15
199,6,1448.2,1038.42
200,1,0,0.0
200,2,70.86,70.67
200,3,430.43,434.55
200,4,958.71,1384.92
200,5,2354.14,3004.37
200,6,3544,4893.18
201,1,0,0.0
201,2,59.8,55.37
201,3,108.8,90.66
201,4,99.4,87.85
201,5,729.6,798.92
201,6,1090.2,1048.08
202,1,0,0.0
202,2,67.6,63.23
202,3,394.8,472.44
202,4,1068,1606.28
202,5,2852.4,3419.61
202,6,4235.4,5629.38
203,1,0,0.0
203,2,22,21.14
203,3,126.8,49.65
203,4,203,81.16
203,5,1799.4,766.53
203,6,1233.2,353.12
204,1,0,0.0
204,2,6.78,6.58
204,3,67.22,99.25
204,4,456.78,451.71
204,5,1987.56,1959.52
204,6,3602.56,4073.82
205,1,0,0.0
205,2,5.33,6.39
205,3,69.33,48.91
205,4,92.17,63.8
205,5,204.5,121.66
205,6,348.5,270.13
206,1,0,0.0
206,2,0.33,0.47
206,3,47,14.28
206,4,67.17,40.31
206,5,132.17,73.32
206,6,346.17,187.6
207,1,0,0.0
207,2,3,3.54
207,3,135,109.08
207,4,184.25,123.34
207,5,677.25,548.38
207,6,1194,949.9
208,1,0.67,0.94
208,2,0,0.0
208,3,135,175.55
208,4,430.33,561.72
208,5,871.33,1038.8
208,6,1070.67,1327.48
209,1,0,0.0
209,2,16.2,19.45
209,3,98.2,61.04
209,4,233,191.47
209,5,1538.8,1293.53
209,6,1540,1393.76
210,1,0,0.0
210,2,22,17.0
210,3,32.5,8.5
210,4,172.5,75.5
210,5,945.5,65.5
210,6,2489,572.0
211,1,98.33,219.88
211,2,173,279.21
211,3,658,1121.96
211,4,5282.5,11143.14
211,5,9636.5,17355.3
211,6,14549.83,20589.3
212,1,6.4,12.8
212,2,9.6,19.2
212,3,723.8,1445.1
212,4,2627.8,5242.6
212,5,9583.6,19008.24
212,6,11955.8,23780.14
213,1,0,0.0
213,2,23.75,34.79
213,3,118.25,80.4
213,4,476,144.21
213,5,548,283.12
213,6,930.5,344.63
214,1,0,0.0
214,2,11.4,15.45
214,3,79.8,35.74
214,4,140,95.81
214,5,1591,1235.36
214,6,2232.2,2239.42
215,1,0,0.0
215,2,290,151.0
215,3,875,382.0
215,4,3929.5,973.5
215,5,9957.5,1093.5
215,6,7010,1355.0
216,1,0,0.0
216,2,7.38,10.16
216,3,46.38,71.24
216,4,124,150.5
216,5,543.62,664.48
216,6,617.38,568.75
217,1,0,0.0
217,2,47.5,76.76
217,3,157,235.96
217,4,278.33,386.94
217,5,1787.67,2794.88
217,6,5071.5,9582.02
218,1,0,0.0
218,2,72.5,128.72
218,3,165.33,319.49
218,4,354.83,552.26
218,5,860.17,874.98
218,6,1207,1021.22
219,1,0,0.0
219,2,29.4,30.83
219,3,116.2,107.52
219,4,1235.4,1133.33
219,5,8934.6,8523.28
219,6,10210.8,9021.36
220,1,0,0.0
220,2,18.43,26.68
220,3,242,312.29
220,4,598.43,588.64
220,5,3213,1387.57
220,6,5700.57,1568.94
221,1,0,0.0
221,2,32,34.85
221,3,124.6,96.65
221,4,1046.2,1041.3
221,5,7834.4,7837.43
221,6,9148.2,5715.28
222,1,0,0.0
222,2,9,6.19
222,3,52.17,38.37
222,4,135.17,145.4
222,5,954.67,1334.76
222,6,1568.17,2330.41
223,1,0,0.0
223,2,78.38,138.39
223,3,274.5,382.16
223,4,1687.25,1574.43
223,5,8658,6951.44
223,6,9254,7926.64
224,1,0,0.0
224,2,60.38,79.88
224,3,157.88,129.54
224,4,135.88,97.76
224,5,650.12,659.4
224,6,864.12,900.33
225,1,0,0.0
225,2,7.5,8.48
225,3,177,137.2
225,4,405.67,216.15
225,5,695.17,575.6
225,6,887.33,611.09
226,1,0,0.0
226,2,2.86,1.81
226,3,79.57,97.73
226,4,321.71,156.51
226,5,1282.86,590.54
226,6,2271.71,1095.68
227,1,10.67,15.08
227,2,15.67,22.87
227,3,1272,1656.77
227,4,4558.67,6049.59
227,5,16503,21990.98
227,6,21205.67,27089.88
228,1,0,0.0
228,2,114.43,125.6
228,3,97.71,77.78
228,4,655.57,520.93
228,5,2287,1312.0
228,6,3167,2680.82
229,1,0,0.0
229,2,11,16.45
229,3,138,83.07
229,4,312,297.01
229,5,1239.25,1650.9
229,6,3293.62,4014.55
230,1,0,0.0
230,2,93,92.0
230,3,889,838.0
230,4,3988.5,3702.5
230,5,4887.5,4417.5
230,6,4406,4192.0
231,1,0,0.0
231,2,16.33,19.26
231,3,28.67,22.92
231,4,47.83,40.87
231,5,249.67,119.64
231,6,429.33,234.13
232,1,0,0.0
232,2,0,0.0
232,3,1.2,1.94
232,4,36.8,36.04
232,5,153,60.77
232,6,450.4,145.04
233,1,0,0.0
233,2,11.5,7.5
233,3,222,12.0
233,4,562,340.0
233,5,1561,571.0
233,6,1441.5,409.5
234,1,0,0.0
234,2,3.4,4.18
234,3,279,364.1
234,4,328.8,187.06
234,5,2482.4,1459.52
234,6,3826.4,1948.79
235,1,0,0.0
235,2,1,0.0
235,3,51,0.0
235,4,286,0.0
235,5,470,0.0
235,6,214,0.0
236,1,0,0.0
236,2,15.67,32.4
236,3,78,84.74
236,4,92.5,93.55
236,5,438.17,437.5
236,6,701.5,941.77
237,1,0,0.0
237,2,168,261.56
237,3,337.75,416.34
237,4,1676.75,2132.62
237,5,4421.75,5829.66
237,6,7026,9271.06
238,1,0,0.0
238,2,14.8,8.49
238,3,137.4,54.72
238,4,295.2,158.75
238,5,1726.6,643.58
238,6,2137,702.34
239,1,0,0.0
239,2,2.4,3.72
239,3,115,64.45
239,4,167.6,132.99
239,5,830.8,394.28
239,6,1147.2,608.4
240,1,0,0.0
240,2,13.6,12.55
240,3,76.2,78.68
240,4,309.4,231.96
240,5,1076,939.68
240,6,1406.2,1042.57
241,1,0,0.0
241,2,101.83,193.48
241,3,371.5,431.24
241,4,614,560.42
241,5,1445.5,1521.22
241,6,1682.5,2013.35
242,1,0,0.0
242,2,4.2,2.71
242,3,61.2,50.3
242,4,467,534.09
242,5,3301.8,3223.37
242,6,5550,3586.62
243,1,0,0.0
243,2,1.86,3.76
243,3,94,88.53
243,4,120.29,79.5
243,5,625.86,678.11
243,6,1227.86,1110.55
244,1,0,0.0
244,2,86.71,36.07
244,3,745.14,862.4
244,4,2234.71,1496.89
244,5,2214.86,1548.75
244,6,2067.86,1177.15
245,1,0,0.0
245,2,10.67,7.59
245,3,48.67,35.59
245,4,243.33,214.02
245,5,1059,602.39
245,6,1693.67,715.51
246,1,0,0.0
246,2,3.8,2.93
246,3,53,47.18
246,4,71,57.02
246,5,624.2,386.95
246,6,657,323.71
247,1,0,0.0
247,2,4.83,4.26
247,3,106.17,50.32
247,4,332.17,115.53
247,5,1659,872.92
247,6,2256.33,2006.82
248,1,0,0.0
248,2,16,16.0
248,3,25.5,14.5
248,4,143,133.0
248,5,491.5,350.5
248,6,1128,958.0
249,1,0,0.0
249,2,168.71,315.59
249,3,389.29,623.45
249,4,266.29,419.03
249,5,814.57,1160.89
249,6,1139,1758.63
250,1,0,0.0
250,2,0.5,0.5
250,3,47.5,32.1
250,4,117.5,70.34
250,5,416.75,248.53
250,6,657.75,57.59
251,1,0,0.0
251,2,1.43,3.11
251,3,32.14,33.78
251,4,142.43,201.79
251,5,783.29,1216.26
251,6,2416.43,3673.68
252,1,0,0.0
252,2,2.8,2.79
252,3,52.6,28.7
252,4,53,34.25
252,5,671.4,533.54
252,6,1398.6,692.3
253,1,0,0.0
253,2,163.86,317.75
253,3,369.57,631.38
253,4,267.86,419.65
253,5,878,1142.0
253,6,1250,1707.09
254,1,0,0.0
254,2,32.17,42.29
254,3,153.67,167.96
254,4,1052.33,877.55
254,5,2355.5,1501.12
254,6,2980.33,2198.67
255,1,0,0.0
255,2,24.5,23.69
255,3,78,66.43
255,4,301.75,119.21
255,5,2891,1555.72
255,6,4524.75,2156.05
256,1,0,0.0
256,2,18.5,20.52
256,3,138.25,100.46
256,4,419,269.54
256,5,1028.5,745.77
256,6,2851,2375.52
257,1,0,0.0
257,2,111.5,177.56
257,3,284.75,291.97
257,4,589.75,374.53
257,5,745,284.29
257,6,603.25,356.02
258,1,0,0.0
258,2,137,226.16
258,3,406,557.03
258,4,1660,2228.85
258,5,4250.67,5631.01
258,6,6806.33,8946.18
259,1,10.67,15.08
259,2,16,22.63
259,3,1229.67,1686.11
259,4,4470.67,6111.4
259,5,16069,22296.74
259,6,20043,27912.72
260,1,0,0.0
260,2,18.17,16.15
260,3,81,88.47
260,4,1513.17,1958.28
260,5,3191.5,2548.93
260,6,2260.17,1248.02
261,1,0,0.0
261,2,16.33,32.12
261,3,62.5,54.83
261,4,51.33,86.59
261,5,288.67,496.34
261,6,677.17,953.5
262,1,0,0.0
262,2,15,0.0
262,3,31,0.0
262,4,83,0.0
262,5,473,0.0
262,6,444,0.0
263,1,0,0.0
263,2,20.17,34.8
263,3,139.67,108.24
263,4,120.33,96.97
263,5,351.33,227.44
263,6,360.67,261.22
264,1,0,0.0
264,2,3.5,3.3
264,3,72.83,86.44
264,4,60.17,47.82
264,5,525,259.83
264,6,591.83,355.56
265,1,0,0.0
265,2,70.6,93.11
265,3,97.6,123.67
265,4,92,99.23
265,5,278,283.45
265,6,310.2,298.58
266,1,0,0.0
266,2,0.2,0.4
266,3,49.2,34.11
266,4,199.2,235.01
266,5,887.4,1408.95
266,6,2929,4133.41
267,1,0,0.0
267,2,12.4,7.53
267,3,86.8,39.68
267,4,266.8,176.17
267,5,1490.6,850.95
267,6,1535.4,800.54
268,1,0,0.0
268,2,0,0.0
268,3,1.75,1.92
268,4,0.75,1.3
268,5,27,34.18
268,6,103.5,130.07
269,1,118,236.0
269,2,167.2,304.33
269,3,691.8,1214.56
269,4,6590.8,11811.31
269,5,17225.6,17403.44
269,6,19894.2,20021.25
270,1,16,16.0
270,2,24,24.0
270,3,1809.5,1804.5
270,4,6556.5,6556.5
270,5,23809.5,23790.5
270,6,29763,29753.0
271,1,0,0.0
271,2,0,0.0
271,3,1.8,1.94
271,4,34.2,55.79
271,5,190.2,322.0
271,6,237.6,254.31
272,1,0,0.0
272,2,0,0.0
272,3,1.75,1.92
272,4,3.75,6.5
272,5,42.25,55.08
272,6,47,51.34
273,1,6.4,12.8
273,2,9.6,19.2
273,3,723.2,1445.4
273,4,2623.6,5244.7
273,5,9541.8,19029.11
273,6,11942.8,23786.6
274,1,0,0.0
274,2,3,3.67
274,3,53.75,34.47
274,4,89.5,90.44
274,5,325.25,181.46
274,6,1523,1309.13
275,1,0,0.0
275,2,3.8,2.71
275,3,88.4,65.43
275,4,482,329.23
275,5,2383.2,1869.09
275,6,4288.8,3542.39
276,1,0,0.0
276,2,6.5,5.43
276,3,34.75,56.98
276,4,458.88,545.31
276,5,1767.25,1778.65
276,6,3240.25,3660.93
277,1,0,0.0
277,2,94.17,150.03
277,3,100.17,70.73
277,4,207.17,79.44
277,5,464.17,206.68
277,6,699.83,252.94
278,1,0,0.0
278,2,86.43,140.05
278,3,112.43,58.09
278,4,197.14,90.34
278,5,568.57,220.96
278,6,685.14,272.2
279,1,375.75,650.82
279,2,1684.5,2773.74
279,3,8085,12015.24
279,4,20613.5,31813.38
279,5,10317.5,14218.62
279,6,11752.5,16802.39
280,1,0,0.0
280,2,50.5,9.6
280,3,9,4.74
280,4,85.75,14.7
280,5,483.75,213.18
280,6,1281.25,422.73
281,1,0,0.0
281,2,5.57,4.4
281,3,74.29,39.97
281,4,154.57,33.93
281,5,788.43,425.01
281,6,946.71,513.09
282,1,0,0.0
282,2,20.67,29.69
282,3,47.17,32.17
282,4,197.83,169.38
282,5,390,247.45
282,6,827.83,485.33
283,1,0,0.0
283,2,69,34.91
283,3,63.2,48.99
283,4,462.2,342.04
283,5,1749,1482.22
283,6,2944.2,1982.67
284,1,0,0.0
284,2,23.75,43.45
284,3,87.38,93.12
284,4,217.88,339.59
284,5,1317.62,2198.49
284,6,1621.25,2361.81
285,1,0,0.0
285,2,27,27.52
285,3,12.75,7.95
285,4,83,21.53
285,5,285.5,156.14
285,6,675,456.79
286,1,0,0.0
286,2,72.14,44.97
286,3,29,39.25
286,4,188.29,292.36
286,5,555.14,625.16
286,6,1328.57,1238.26
287,1,0,0.0
287,2,108.75,179.15
287,3,118,61.52
287,4,243.5,98.05
287,5,621.75,155.82
287,6,921,322.61
288,1,0,0.0
288,2,20.67,23.32
288,3,79,68.12
288,4,576.33,504.87
288,5,4582.83,2698.86
288,6,6367.33,3052.97
289,1,73.75,195.12
289,2,97.25,256.17
289,3,420.38,1019.51
289,4,3878,9944.13
289,5,6294.5,15755.25
289,6,8074,18037.46
290,1,0,0.0
290,2,53,90.65
290,3,134,181.98
290,4,1110.5,1255.68
290,5,5618,4561.86
290,6,6404.75,5325.62
291,1,0,0.0
291,2,40.5,37.3
291,3,229.25,123.21
291,4,561.25,408.99
291,5,1618.75,1763.02
291,6,1516,1255.15
292,1,0,0.0
292,2,926.6,1768.76
292,3,1934.2,3691.45
292,4,1564.8,2784.64
292,5,1332.4,1894.16
292,6,1062.6,1554.12
293,1,0,0.0
293,2,15,18.4
293,3,37.33,31.33
293,4,307.33,328.97
293,5,728,745.79
293,6,987.67,800.23
294,1,0,0.0
294,2,1.67,1.49
294,3,109.83,76.47
294,4,503.67,357.46
294,5,3393.67,3734.77
294,6,6105.33,6011.3
295,1,0,0.0
295,2,13.4,23.36
295,3,70,67.02
295,4,85,50.86
295,5,970.4,932.22
295,6,791.8,408.42
296,1,0,0.0
296,2,0.17,0.37
296,3,48.17,37.05
296,4,133,221.24
296,5,788.83,1297.88
296,6,2455,3866.13
297,1,214.71,525.94
297,2,968.43,2253.51
297,3,4403.57,9973.27
297,4,12108,25986.74
297,5,6589,11651.21
297,6,7386.43,13689.51
298,1,0,0.0
298,2,12.22,9.11
298,3,92.89,44.97
298,4,183.22,116.3
298,5,1014,679.71
298,6,964.44,353.16
299,1,300.6,601.2
299,2,1370,2559.79
299,3,6001.6,11413.62
299,4,16031.2,29829.08
299,5,7906,13522.14
299,6,9265,15795.58
300,1,0,0.0
300,2,14.5,18.36
300,3,133.12,103.95
300,4,264.5,145.36
300,5,1715.62,1079.96
300,6,1501.75,1100.93
301,1,0,0.0
301,2,1.67,1.7
301,3,19.33,15.52
301,4,141,100.44
301,5,532.67,328.46
301,6,499,271.56
302,1,0,0.0
302,2,4.88,6.41
302,3,71.88,50.85
302,4,137,108.67
302,5,659.75,314.37
302,6,1031.5,588.97
303,1,0,0.0
303,2,32.33,22.51
303,3,131,52.73
303,4,256.67,169.48
303,5,2701,2183.87
303,6,4065,3003.87
304,1,0,0.0
304,2,7.6,10.25
304,3,90.2,106.05
304,4,186.2,255.02
304,5,868.8,959.2
304,6,830,702.73
305,1,0,0.0
305,2,37.75,65.38
305,3,137.75,150.11
305,4,144.25,73.96
305,5,410,131.55
305,6,637.75,84.16
306,1,0,0.0
306,2,11.29,10.05
306,3,125.57,66.0
306,4,167.14,126.84
306,5,851.14,374.76
306,6,1284.86,658.89
307,1,0,0.0
307,2,0.25,0.43
307,3,42.75,19.23
307,4,126.5,95.46
307,5,322.5,170.56
307,6,988.75,762.75
308,1,0,0.0
308,2,10,7.33
308,3,119.71,41.8
308,4,308,130.62
308,5,1981,535.46
308,6,2040.29,642.9
309,1,0,0.0
309,2,6.5,9.42
309,3,107,35.15
309,4,177.25,58.73
309,5,1029.12,422.84
309,6,1383.38,636.25
310,1,0,0.0
310,2,6.14,14.64
310,3,74,66.9
310,4,99.29,64.94
310,5,684,1118.43
310,6,1296.29,2191.86
311,1,0,0.0
311,2,66.57,153.78
311,3,242.43,410.6
311,4,251.29,478.43
311,5,857,1437.58
311,6,1001.71,1075.25
312,1,196.67,278.13
312,2,318,330.09
312,3,1148,1396.18
312,4,11041.33,13541.88
312,5,21469.33,18743.11
312,6,27232.33,20699.19
313,1,0,0.0
313,2,81.8,105.03
313,3,113.4,97.25
313,4,182.2,149.48
313,5,586.4,443.5
313,6,1117.4,549.08
314,1,250.5,560.14
314,2,1109.5,2405.58
314,3,4998,10660.2
314,4,13585,27805.4
314,5,7164,12505.6
314,6,7793.67,14797.06
315,1,0,0.0
315,2,5.5,5.12
315,3,64,45.21
315,4,301,298.35
315,5,386.25,281.01
315,6,432,236.84
316,1,0,0.0
316,2,4.25,4.49
316,3,49.25,36.87
316,4,76.5,64.86
316,5,173.75,59.06
316,6,301,119.09
317,1,0,0.0
317,2,33.57,44.3
317,3,82.29,102.61
317,4,280.29,365.64
317,5,1649.86,2318.09
317,6,1822.57,2495.73
318,1,0,0.0
318,2,14.78,21.2
318,3,62.56,45.6
318,4,253.44,241.7
318,5,507.44,473.37
318,6,940.67,551.55
319,1,0,0.0
319,2,90.6,64.01
319,3,326.8,191.43
319,4,1356,1013.97
319,5,1638,940.87
319,6,1933.2,888.42
320,1,0,0.0
320,2,17.2,17.81
320,3,67,72.85
320,4,70,41.53
320,5,270.2,51.3
320,6,358.2,75.37
321,1,0,0.0
321,2,30.25,46.02
321,3,122.62,102.95
321,4,480,609.85
321,5,3030.38,3913.47
321,6,4096,5441.44
322,1,0,0.0
322,2,8.4,4.92
322,3,166,128.03
322,4,253,102.14
322,5,763.6,423.93
322,6,1771,1017.24
323,1,0,0.0
323,2,6.5,6.6
323,3,97.67,115.26
323,4,618.83,641.33
323,5,3154.17,2298.17
323,6,5481.83,3997.11
324,1,0,0.0
324,2,105.4,157.93
324,3,114.4,74.69
324,4,301.2,152.36
324,5,743,396.78
324,6,1241,857.8
325,1,0,0.0
325,2,23.5,28.03
325,3,90.5,40.19
325,4,657,454.07
325,5,4205.83,2672.12
325,6,6513.17,2926.43
326,1,0,0.0
326,2,7.57,14.18
326,3,68,35.16
326,4,137.57,81.63
326,5,1247.86,1181.69
326,6,2035,1930.81
327,1,0,0.0
327,2,27.5,26.06
327,3,80.25,44.17
327,4,221.75,98.12
327,5,1432.25,780.53
327,6,2771.25,1679.58
328,1,0,0.0
328,2,5.8,5.34
328,3,91.2,81.49
328,4,298,259.94
328,5,380.8,316.77
328,6,688.8,406.39
329,1,0,0.0
329,2,115,157.92
329,3,491.17,452.43
329,4,1208.67,1554.54
329,5,4513.5,5471.63
329,6,4848.17,4821.96
330,1,0,0.0
330,2,7.33,13.36
330,3,18,10.52
330,4,44.83,17.9
330,5,231,71.33
330,6,335.17,81.94
331,1,0,0.0
331,2,59.14,46.14
331,3,52.14,42.4
331,4,217.86,282.62
331,5,549.43,640.79
331,6,1282,1331.56
332,1,0,0.0
332,2,237.33,324.97
332,3,762.5,731.64
332,4,2290.17,2221.27
332,5,7942.33,7156.33
332,6,7518.5,4914.09
333,1,0,0.0
333,2,14,13.1
333,3,95.89,87.6
333,4,861.44,600.11
333,5,3961.11,2531.24
333,6,4004.44,2630.11
334,1,0,0.0
334,2,70.75,53.85
334,3,189,181.57
334,4,112.75,35.27
334,5,396.75,130.16
334,6,560.5,198.34
335,1,0,0.0
335,2,0.43,0.49
335,3,13,10.23
335,4,15.86,9.98
335,5,133.29,106.08
335,6,226.43,94.39
336,1,0,0.0
336,2,4,2.16
336,3,169,35.86
336,4,378.67,286.18
336,5,1209.67,790.03
336,6,3728,2240.28
337,1,0,0.0
337,2,30.14,34.74
337,3,185.43,126.87
337,4,365,272.64
337,5,1250.14,1314.93
337,6,1186,831.23
338,1,0,0.0
338,2,188,259.51
338,3,449,500.76
338,4,1031.67,509.06
338,5,2432.67,1418.51
338,6,2493.67,1807.75
339,1,0,0.0
339,2,5.6,5.24
339,3,119,65.49
339,4,267.2,262.44
339,5,961.6,673.73
339,6,2561.4,2126.27
340,1,0,0.0
340,2,70.17,34.38
340,3,40.17,54.82
340,4,249.67,366.78
340,5,1062.67,1464.22
340,6,1812.67,1894.58
341,1,0,0.0
341,2,8.67,10.09
341,3,59.33,30.21
341,4,195.67,162.16
341,5,721.5,713.5
341,6,879.83,604.52
342,1,0,0.0
342,2,176.25,259.78
342,3,486.62,569.34
342,4,1696.12,2242.1
342,5,3810.38,4734.95
342,6,5099.38,7091.76
343,1,0,0.0
343,2,164.4,243.62
343,3,670,736.49
343,4,2116.4,2413.76
343,5,4546,3752.2
343,6,6070.4,5101.95
344,1,0,0.0
344,2,35,33.87
344,3,218.6,198.37
344,4,429.8,248.01
344,5,838.4,531.19
344,6,587.8,205.09
345,1,0,0.0
345,2,0.75,1.3
345,3,124,90.89
345,4,245,261.04
345,5,1022,801.34
345,6,1681.25,790.14
346,1,0,0.0
346,2,3,2.55
346,3,70,39.76
346,4,139.5,66.32
346,5,321,112.97
346,6,261.75,56.54
347,1,0,0.0
347,2,8.5,8.62
347,3,24.25,31.76
347,4,153.5,207.69
347,5,677.5,848.28
347,6,931,1047.51
348,1,0,0.0
348,2,4.17,2.27
348,3,81.17,79.26
348,4,83.83,47.71
348,5,818.17,424.21
348,6,1414.83,702.5
349,1,0,0.0
349,2,15.14,16.85
349,3,94.86,52.66
349,4,169.29,118.3
349,5,938.71,170.53
349,6,775.43,214.69
350,1,0,0.0
350,2,0,0.0
350,3,121,35.94
350,4,140.5,33.84
350,5,296,188.19
350,6,1204.25,652.95
351,1,0,0.0
351,2,2.83,6.34
351,3,90,67.79
351,4,165.17,173.08
351,5,493.5,583.17
351,6,1012,837.66
352,1,0,0.0
352,2,13.29,16.98
352,3,123.71,36.09
352,4,250.14,183.78
352,5,1894.71,1366.62
352,6,2360.57,2136.71
353,1,0,0.0
353,2,26.25,25.04
353,3,115.75,55.37
353,4,580.5,578.25
353,5,4692.5,4629.25
353,6,2909,2899.01
354,1,0,0.0
354,2,18,18.47
354,3,30,19.32
354,4,63.2,46.91
354,5,350.4,165.5
354,6,486.2,80.37
355,1,214.71,525.94
355,2,959.86,2257.31
355,3,4637.57,9915.61
355,4,11801.57,26102.7
355,5,6077.43,11796.6
355,6,7119.43,13776.53
356,1,0,0.0
356,2,25.57,38.16
356,3,68.43,85.54
356,4,88.57,83.71
356,5,520,720.91
356,6,773.71,952.32
357,1,0,0.0
357,2,5.2,10.58
357,3,31.6,28.62
357,4,81.1,61.17
357,5,297.5,157.6
357,6,415.6,295.52
358,1,0,0.0
358,2,18.33,28.37
358,3,152.5,60.2
358,4,233.17,127.94
358,5,1072,692.04
358,6,3108.83,1353.17
359,1,0,0.0
359,2,4.25,7.36
359,3,50.5,32.78
359,4,218.5,190.97
359,5,917.5,579.79
359,6,2169.75,174.97
360,1,0,0.0
360,2,7,3.74
360,3,169.25,99.73
360,4,357.5,128.57
360,5,510,267.65
360,6,832.25,311.55
361,1,0,0.0
361,2,29.56,35.76
361,3,126.11,118.52
361,4,474,389.37
361,5,1004.22,627.1
361,6,1819,985.14
362,1,0,0.0
362,2,27,33.98
362,3,241.6,214.03
362,4,522,283.64
362,5,1127.8,609.77
362,6,902.6,640.34
363,1,0,0.0
363,2,9.25,9.01
363,3,35.25,26.23
363,4,182.75,193.57
363,5,832.5,768.78
363,6,1008.5,1007.76
364,1,0,0.0
364,2,0.33,0.47
364,3,40.83,36.37
364,4,66.33,99.81
364,5,157,195.18
364,6,541,727.99
365,1,0,0.0
365,2,20,23.55
365,3,103.8,68.59
365,4,168.4,62.6
365,5,1539.8,676.28
365,6,1086.6,221.46
366,1,0,0.0
366,2,16,13.77
366,3,67.5,24.88
366,4,261.5,155.39
366,5,1020.75,852.9
366,6,2070,1310.44
367,1,98.33,219.88
367,2,181.83,282.16
367,3,953.83,1049.04
367,4,5767.5,10942.39
367,5,11010.83,16685.83
367,6,12921.17,19322.49
368,1,0,0.0
368,2,0.43,0.73
368,3,41.14,42.88
368,4,95.29,47.54
368,5,614.43,490.35
368,6,1545,1102.98
369,1,0,0.0
369,2,0.67,1.7
369,3,133.67,50.39
369,4,391.67,245.0
369,5,1455,625.69
369,6,1846.33,608.28
370,1,0,0.0
370,2,152.17,136.92
370,3,143.17,152.57
370,4,1074.17,832.9
370,5,2752,1624.34
370,6,3977.33,3052.2
371,1,5.33,11.93
371,2,8,17.89
371,3,603.17,1346.49
371,4,2212.17,4875.27
371,5,8086.83,17673.31
371,6,10075.5,22111.73
372,1,0,0.0
372,2,1114,1815.74
372,3,5112.4,9284.54
372,4,11900.2,18298.48
372,5,11609.8,11365.15
372,6,9723.6,10128.87
373,1,0,0.0
373,2,31,73.09
373,3,119.43,139.67
373,4,604.29,1073.6
373,5,2033.57,3061.79
373,6,2119.57,1592.78
374,1,0,0.0
374,2,24.67,42.46
374,3,45.44,40.25
374,4,63,50.46
374,5,253.67,205.31
374,6,553.89,562.87
375,1,0,0.0
375,2,24,46.64
375,3,114.14,94.25
375,4,290.43,338.67
375,5,1576,2270.45
375,6,1931.43,2415.88
376,1,0,0.0
376,2,4,4.15
376,3,66.2,65.2
376,4,167.2,100.95
376,5,1164.2,906.92
376,6,1710.4,1467.09
377,1,0,0.0
377,2,39.4,50.67
377,3,113,110.81
377,4,309.6,397.13
377,5,1875,2620.16
377,6,2028,2899.62
378,1,0,0.0
378,2,5.33,4.23
378,3,81,36.0
378,4,139,74.41
378,5,710.33,318.37
378,6,795.5,333.22
379,1,0,0.0
379,2,19,17.0
379,3,214.5,109.5
379,4,976.5,356.5
379,5,5966,923.0
379,6,6574,3181.0
380,1,0,0.0
380,2,127.71,72.08
380,3,74.29,97.55
380,4,260.14,294.69
380,5,812.14,640.48
380,6,1653.86,1243.6
381,1,0,0.0
381,2,3,0.0
381,3,65.5,6.5
381,4,422,181.0
381,5,1153.5,251.5
381,6,1962,32.0
382,1,0,0.0
382,2,9.5,5.74
382,3,183.83,266.44
382,4,479.5,407.3
382,5,523.33,357.31
382,6,451.5,238.06
383,1,0,0.0
383,2,22.5,33.94
383,3,96.17,113.79
383,4,141.83,107.95
383,5,460.33,310.99
383,6,666.83,426.21
384,1,0,0.0
384,2,9,7.91
384,3,52.29,19.77
384,4,155.29,83.16
384,5,631,436.55
384,6,1522.14,876.18
385,1,0,0.0
385,2,13,11.31
385,3,37.6,39.04
385,4,505.2,458.23
385,5,1936.8,1348.59
385,6,2375.2,534.62
386,1,0,0.0
386,2,7,6.16
386,3,125,88.28
386,4,855,809.4
386,5,2341.67,2149.75
386,6,3459,2586.18
387,1,0,0.0
387,2,16.8,17.03
387,3,71.6,55.68
387,4,220,144.57
387,5,576.8,453.79
387,6,1107,892.59
388,1,0,0.0
388,2,3.8,2.56
388,3,75.6,38.23
388,4,105.8,49.13
388,5,268.8,78.57
388,6,375.6,232.37
389,1,0,0.0
389,2,10.8,10.38
389,3,185.2,94.61
389,4,402.6,332.81
389,5,1580.4,848.19
389,6,1601,683.84
390,1,0,0.0
390,2,19.2,34.5
390,3,44.6,53.5
390,4,70.6,86.99
390,5,412.6,501.82
390,6,753.6,1029.25
391,1,0,0.0
391,2,9.6,3.93
391,3,80.2,21.66
391,4,144,155.25
391,5,1234,1359.11
391,6,1988,2406.36
392,1,0,0.0
392,2,18.75,20.35
392,3,180,58.92
392,4,437.75,250.7
392,5,1080.25,700.16
392,6,3224.5,2102.95
393,1,0,0.0
393,2,23.62,26.37
393,3,98.5,69.05
393,4,251.25,196.11
393,5,781.12,422.66
393,6,2098,920.36
394,1,0,0.0
394,2,24.67,16.95
394,3,172,65.5
394,4,343.83,183.04
394,5,1732.17,693.48
394,6,1623.83,618.71
395,1,0,0.0
395,2,33.17,25.87
395,3,135,110.41
395,4,158.33,156.9
395,5,575.5,743.09
395,6,781.33,901.4
396,1,0,0.0
396,2,187.14,308.45
396,3,555.86,681.26
396,4,860.86,1451.77
396,5,2124.43,3245.51
396,6,3179.57,5280.69
397,1,0,0.0
397,2,730.57,1527.89
397,3,1531.57,3190.75
397,4,1376.71,2401.57
397,5,1415,1727.96
397,6,1347.29,1465.54
398,1,0,0.0
398,2,54,90.07
398,3,223.25,136.6
398,4,1096,1241.16
398,5,3377.75,3552.28
398,6,4301.5,1801.04
399,1,0,0.0
399,2,38,65.24
399,3,157.25,138.93
399,4,189.75,72.5
399,5,783.5,363.37
399,6,1410.5,1215.85
400,1,0,0.0
400,2,8.4,16.8
400,3,92.2,71.51
400,4,103.8,67.6
400,5,973.6,1220.89
400,6,1971.8,2358.24
401,1,0,0.0
401,2,0.5,0.5
401,3,10.75,9.68
401,4,29.5,26.66
401,5,128,96.71
401,6,265.75,255.79
402,1,0,0.0
402,2,0,0.0
402,3,3.33,3.3
402,4,21,14.97
402,5,28.67,28.87
402,6,21.33,15.92
403,1,0,0.0
403,2,3.75,0.43
403,3,167.75,51.57
403,4,292,233.01
403,5,1537.25,513.22
403,6,1991.5,554.48
404,1,0,0.0
404,2,21.4,37.87
404,3,105,123.06
404,4,203,226.15
404,5,277.6,282.98
404,6,340.2,299.33
405,1,0,0.0
405,2,8.17,4.22
405,3,137.5,76.02
405,4,663,618.93
405,5,3279.17,2281.16
405,6,5433,4176.15
406,1,0,0.0
406,2,8.75,7.29
406,3,111,39.74
406,4,212.5,123.55
406,5,1367.25,806.26
406,6,1193,406.03
407,1,4.86,11.1
407,2,6.86,16.8
407,3,586.57,1242.39
407,4,2102,4513.27
407,5,7347.29,16454.05
407,6,8980.86,20654.8
408,1,0,0.0
408,2,23.75,27.11
408,3,95,75.46
408,4,779,892.35
408,5,5437,5925.64
408,6,7266,9277.15
409,1,10.67,15.08
409,2,16,22.63
409,3,1214.67,1696.59
409,4,4395.67,6164.12
409,5,15959.33,22373.61
409,6,19931,27991.01
410,1,0,0.0
410,2,33.25,23.64
410,3,207,73.66
410,4,286.25,152.93
410,5,2914,2151.83
410,6,6122.75,4587.91
411,1,0,0.0
411,2,240.33,140.36
411,3,856,386.82
411,4,2794,1017.34
411,5,9130,4916.83
411,6,8075.33,5212.03
412,1,0,0.0
412,2,9.75,15.17
412,3,163.25,92.88
412,4,720.5,361.82
412,5,3839,2244.8
412,6,4678.5,2985.58
413,1,0,0.0
413,2,0,0.0
413,3,6.67,9.01
413,4,60,29.78
413,5,182,90.51
413,6,547.33,220.05
414,1,0,0.0
414,2,13,17.97
414,3,150.25,139.67
414,4,605.25,525.3
414,5,4536.25,3008.07
414,6,5871.25,3567.96
415,1,0,0.0
415,2,6.86,15.23
415,3,36.71,40.66
415,4,318.29,391.97
415,5,4570,6771.03
415,6,5804.14,6944.91
416,1,0,0.0
416,2,1,2.24
416,3,69,50.45
416,4,85.67,56.86
416,5,242.33,181.03
416,6,1018.33,629.83
417,1,0,0.0
417,2,1.86,2.1
417,3,52.86,61.6
417,4,53.71,62.86
417,5,173.29,178.89
417,6,575.57,489.5
418,1,0,0.0
418,2,30.86,47.49
418,3,78.29,89.07
418,4,42.29,29.13
418,5,268.43,86.08
418,6,476.71,226.04
419,1,0,0.0
419,2,1.75,1.48
419,3,80.5,34.04
419,4,374,136.15
419,5,1688,631.28
419,6,2616.75,1300.38
420,1,0,0.0
420,2,7.25,4.21
420,3,109.25,88.72
420,4,321.5,281.9
420,5,1154.25,1011.32
420,6,2427,2506.76
421,1,0,0.0
421,2,0,0.0
421,3,1,2.0
421,4,31.4,56.48
421,5,173.8,329.25
421,6,174.6,266.63
422,1,196.67,278.13
422,2,325.67,325.04
422,3,1169.33,1377.21
422,4,11346,13328.72
422,5,28623.33,13713.31
422,6,31459.67,17341.34
423,1,0,0.0
423,2,29.33,39.67
423,3,142.67,171.83
423,4,2951.22,5336.99
423,5,10213.89,17671.0
423,6,11806.33,20856.97
424,1,0,0.0
424,2,25.86,33.85
424,3,178.57,124.8
424,4,203.43,147.48
424,5,524.86,309.39
424,6,425.14,397.86
425,1,0,0.0
425,2,3,4.56
425,3,29.4,41.47
425,4,55.8,64.07
425,5,124.6,101.16
425,6,181.8,169.68
426,1,0,0.0
426,2,29,19.0
426,3,246.5,147.5
426,4,473.5,341.5
426,5,857.5,54.5
426,6,959.5,202.5
427,1,98.33,219.88
427,2,148.33,281.19
427,3,681,1095.1
427,4,6261.83,10726.53
427,5,17387.83,14845.19
427,6,20911,16382.63
428,1,0,0.0
428,2,16.4,14.47
428,3,71.2,32.43
428,4,270.8,154.28
428,5,1138.4,838.65
428,6,2207.4,1023.16
429,1,0,0.0
429,2,0,0.0
429,3,1.25,2.17
429,4,36.25,62.21
429,5,241.5,344.56
429,6,237.25,270.41
430,1,0,0.0
430,2,9.8,8.28
430,3,112.6,31.14
430,4,304.2,115.72
430,5,1809.6,779.65
430,6,2729.2,1982.57
431,1,0,0.0
431,2,19.83,20.64
431,3,77,42.93
431,4,273.33,167.35
431,5,624.33,249.19
431,6,395.5,155.83
432,1,0,0.0
432,2,5.86,6.73
432,3,51,46.02
432,4,159.29,199.98
432,5,188,136.14
432,6,339.86,245.94
433,1,0,0.0
433,2,5.8,5.95
433,3,74.6,39.0
433,4,98.4,41.12
433,5,1138.2,250.34
433,6,1430,291.56
434,1,0,0.0
434,2,33,22.82
434,3,138.83,68.34
434,4,485,500.46
434,5,3488.67,4127.75
434,6,2275.17,2581.57
435,1,0,0.0
435,2,4.88,9.62
435,3,50.75,70.17
435,4,128,151.73
435,5,477.75,687.36
435,6,537.88,564.43
436,1,0,0.0
436,2,9.57,14.87
436,3,51.43,20.22
436,4,91.14,59.24
436,5,811.14,1081.83
436,6,1397.14,2158.79
437,1,0,0.0
437,2,17,22.01
437,3,139.4,70.85
437,4,321.8,221.63
437,5,1997.2,595.45
437,6,3419.8,1403.11
438,1,0,0.0
438,2,0,0.0
438,3,23.5,21.5
438,4,17,4.0
438,5,21.5,18.5
438,6,13,9.0
439,1,0,0.0
439,2,2,2.0
439,3,57,57.0
439,4,303,299.0
439,5,103,103.0
439,6,192,188.0
440,1,0,0.0
440,2,0,0.0
440,3,0.33,0.47
440,4,1.67,0.94
440,5,43.33,25.82
440,6,131.67,46.2
441,1,0,0.0
441,2,14.33,19.57
441,3,68.67,15.15
441,4,98.67,88.03
441,5,1371.67,1442.82
441,6,2608,2860.39
442,1,6.4,12.8
442,2,9.6,19.2
442,3,734.6,1439.85
442,4,2637.8,5237.63
442,5,9597.8,19001.21
442,6,11968.8,23773.73
443,1,10.67,15.08
443,2,16,22.63
443,3,1212.67,1698.02
443,4,4398.33,6162.27
443,5,15949.33,22380.45
443,6,19896.33,28015.37
444,1,8,13.86
444,2,12,20.78
444,3,911.25,1560.46
444,4,3309,5660.4
444,5,11949.75,20582.8
444,6,14895.75,25761.51
445,1,6.4,12.8
445,2,9.6,19.2
445,3,725,1444.5
445,4,2623.2,5244.9
445,5,9568.8,19015.66
445,6,11960.4,23777.86
446,1,4.57,11.2
446,2,6.86,16.8
446,3,517.71,1264.06
446,4,1874.14,4588.24
446,5,6834.29,16642.6
446,6,8584.29,20792.89
447,1,0,0.0
447,2,0,0.0
447,3,1.67,2.36
447,4,48,67.88
447,5,277.67,391.97
447,6,234.33,327.16
448,1,0,0.0
448,2,5.2,1.72
448,3,99,66.6
448,4,191.4,129.2
448,5,955.4,206.58
448,6,1409.2,507.92
449,1,0,0.0
449,2,67.14,29.84
449,3,33.29,37.89
449,4,250.43,306.96
449,5,638.14,607.0
449,6,1261,1265.34
450,1,0,0.0
450,2,0,0.0
450,3,8.75,7.63
450,4,21.5,24.09
450,5,73.75,117.41
450,6,72.25,111.31
451,1,0,0.0
451,2,13.67,10.72
451,3,179.5,73.98
451,4,245.33,201.08
451,5,1554.67,558.72
451,6,1782.83,642.98
452,1,0,0.0
452,2,10,3.67
452,3,117,30.26
452,4,185.75,60.64
452,5,1130,114.88
452,6,1477,393.68
453,1,0,0.0
453,2,17.2,11.23
453,3,80.4,22.13
453,4,1249.6,490.95
453,5,4888.6,2275.57
453,6,2849.2,1060.11
454,1,0,0.0
454,2,15.75,11.97
454,3,101,40.28
454,4,287.75,144.18
454,5,1828.25,882.08
454,6,2847,2222.35
455,1,0,0.0
455,2,0.17,0.37
455,3,65.33,41.34
455,4,180.83,206.18
455,5,810.17,1289.68
455,6,2805.33,3781.21
456,1,0,0.0
456,2,3.5,2.5
456,3,140,28.0
456,4,344.5,78.5
456,5,1617,547.0
456,6,3178.5,732.5
457,1,0,0.0
457,2,83.25,172.3
457,3,258.38,345.25
457,4,562.12,413.08
457,5,1328.38,1376.03
457,6,1629,1735.75
458,1,0,0.0
458,2,27.17,20.03
458,3,100.83,122.71
458,4,108.83,54.58
458,5,362.5,192.09
458,6,415.83,229.93
459,1,0,0.0
459,2,12.25,12.5
459,3,32.75,12.62
459,4,157.75,195.85
459,5,799.25,852.2
459,6,800.25,667.11
460,1,0,0.0
460,2,28.2,41.64
460,3,96,42.1
460,4,192.4,54.3
460,5,549.2,193.41
460,6,803.2,288.39
461,1,0,0.0
461,2,4.6,3.2
461,3,121.8,95.68
461,4,313.6,178.9
461,5,1384.6,542.83
461,6,2190.6,1234.42
462,1,0,0.0
462,2,3.8,4.4
462,3,124.6,79.25
462,4,195.4,81.92
462,5,1248.2,645.4
462,6,1613.6,676.37
463,1,0,0.0
463,2,11.4,16.92
463,3,81,99.92
463,4,741,907.76
463,5,10526.2,12861.96
463,6,10929,12437.84
464,1,6.4,12.8
464,2,9.8,19.1
464,3,740.6,1436.75
464,4,2650.8,5231.16
464,5,9694.2,18953.68
464,6,12121,23698.56
465,1,0,0.0
465,2,3.17,4.18
465,3,50.83,48.27
465,4,91.17,67.96
465,5,222.83,205.13
465,6,357.83,216.86
466,1,0,0.0
466,2,19.2,34.46
466,3,53.6,55.21
466,4,66.4,89.65
466,5,344.2,527.63
466,6,727.4,1037.94
467,1,0,0.0
467,2,53.67,53.04
467,3,166.5,130.64
467,4,99.17,91.62
467,5,608,755.35
467,6,948.5,994.46
468,1,0,0.0
468,2,3.6,4.03
468,3,57.4,79.92
468,4,419.4,171.24
468,5,2984.4,2169.72
468,6,5423.8,4368.65
469,1,5.33,11.93
469,2,8,17.89
469,3,619.33,1339.41
469,4,2249.5,4858.86
469,5,8083.83,17673.23
469,6,10066.17,22115.72
470,1,0,0.0
470,2,30.6,30.16
470,3,35.8,19.77
470,4,171.6,169.62
470,5,520.8,183.44
470,6,1109.6,451.23
471,1,0,0.0
471,2,83.5,150.88
471,3,234.33,251.37
471,4,436.17,306.76
471,5,732.5,442.76
471,6,948.83,887.48
472,1,0,0.0
472,2,3,1.9
472,3,131.2,36.82
472,4,300.4,119.45
472,5,1994.6,691.93
472,6,2689.4,1997.33
473,1,0,0.0
473,2,14.83,29.18
473,3,79.67,73.05
473,4,187.5,154.89
473,5,852.5,781.94
473,6,1951,1689.17
474,1,0,0.0
474,2,27.83,30.22
474,3,166.83,123.6
474,4,700.83,856.01
474,5,930.67,872.65
474,6,1193,921.72
475,1,0,0.0
475,2,779.17,1648.34
475,3,1656.5,3426.94
475,4,1378.67,2575.5
475,5,1313.5,1702.85
475,6,1060.17,1399.13
476,1,0,0.0
476,2,11,17.99
476,3,68.86,54.07
476,4,219.14,206.06
476,5,1563.71,1564.8
476,6,1975.57,2351.96
477,1,0,0.0
477,2,65.83,42.73
477,3,57.83,60.25
477,4,380,431.94
477,5,1395.67,1439.0
477,6,2572.83,1925.6
478,1,6.4,12.8
478,2,9.6,19.2
478,3,725.6,1444.2
478,4,2633.4,5239.82
478,5,9538,19031.02
478,6,11917.6,23799.2
479,1,8,13.86
479,2,12,20.78
479,3,905.75,1563.61
479,4,3289.75,5671.48
479,5,11904.25,20608.95
479,6,14892.25,25763.54
480,1,0,0.0
480,2,10.33,4.71
480,3,114.33,63.37
480,4,230,87.06
480,5,853.67,356.9
480,6,1347.67,700.51
481,1,0,0.0
481,2,15.75,11.63
481,3,63.75,15.04
481,4,292.25,132.63
481,5,1047.75,636.37
481,6,1430.75,1006.76
482,1,0,0.0
482,2,68.43,143.41
482,3,101.57,78.01
482,4,325.71,256.8
482,5,644.86,658.06
482,6,928.29,969.11
483,1,0,0.0
483,2,2327,0.0
483,3,13378,0.0
483,4,45426,0.0
483,5,45069,0.0
483,6,34053,0.0
484,1,0,0.0
484,2,1.67,2.21
484,3,70.83,49.83
484,4,67.83,66.15
484,5,181,197.24
484,6,579.33,531.44
485,1,0,0.0
485,2,18.33,13.92
485,3,172.67,92.51
485,4,277.67,214.87
485,5,1546.5,760.72
485,6,1191.67,780.73
486,1,0,0.0
486,2,6.33,6.45
486,3,131.17,90.88
486,4,236.5,305.78
486,5,1034.5,668.17
486,6,1317.67,770.75
487,1,0,0.0
487,2,37.67,66.06
487,3,146.5,92.78
487,4,336.67,270.82
487,5,940.5,617.99
487,6,1685.5,1083.47
488,1,0,0.0
488,2,8.5,4.39
488,3,107.62,35.81
488,4,216.88,81.16
488,5,1563.62,707.59
488,6,1387.5,657.05
489,1,0,0.0
489,2,6.8,5.91
489,3,113,124.52
489,4,250.2,132.87
489,5,1524.6,925.31
489,6,2547.2,2043.72
490,1,0,0.0
490,2,0.17,0.37
490,3,12.5,11.47
490,4,45.5,39.84
490,5,366.33,386.96
490,6,909.17,823.5
491,1,0,0.0
491,2,96.75,102.51
491,3,485.5,404.91
491,4,1336.25,1681.11
491,5,5461.75,6176.1
491,6,5661,5690.82
492,1,0,0.0
492,2,100.25,165.02
492,3,64.5,38.9
492,4,562,323.31
492,5,2289,1504.69
492,6,3471.75,2923.87
493,1,0,0.0
493,2,188.14,228.92
493,3,517.71,426.76
493,4,812,539.63
493,5,1990.29,1217.28
493,6,2430.43,1900.31
494,1,0,0.0
494,2,10.57,23.86
494,3,53.43,75.65
494,4,122,158.67
494,5,526.43,704.34
494,6,1205.57,1051.76
495,1,0,0.0
495,2,5,6.03
495,3,84.4,39.05
495,4,161.4,108.66
495,5,470.6,500.24
495,6,927,843.12
496,1,0,0.0
496,2,20.67,21.46
496,3,136.5,44.29
496,4,430.33,517.63
496,5,3238.5,4223.34
496,6,2112.83,2603.65
497,1,0,0.0
497,2,7.5,5.72
497,3,75.5,67.9
497,4,859,656.31
497,5,2050.75,1384.46
497,6,3478,2474.48
498,1,10.67,15.08
498,2,16,22.63
498,3,1223.33,1690.6
498,4,4389.67,6168.36
498,5,15951.33,22379.03
498,6,19941.67,27983.35
499,1,98.33,219.88
499,2,155,277.83
499,3,639.67,1109.83
499,4,5316.33,11124.68
499,5,9351.5,17300.07
499,6,11404,19883.19
500,1,0,0.0
500,2,9,16.59
500,3,59.33,100.28
500,4,243.5,413.26
500,5,714.17,936.15
500,6,1045.5,1730.99
501,1,0,0.0
501,2,0,0.0
501,3,15,19.27
501,4,40.4,24.95
501,5,188,86.85
501,6,398.8,88.28
502,1,0,0.0
502,2,136.33,187.65
502,3,408.33,571.07
502,4,1268.83,1914.85
502,5,2045.83,2753.75
502,6,2076,2180.77
503,1,0,0.0
503,2,19.43,30.52
503,3,64.86,83.91
503,4,84.29,89.22
503,5,407.29,415.35
503,6,675.43,869.61
504,1,0,0.0
504,2,378.89,714.29
504,3,2082.67,4054.66
504,4,7270.44,13744.57
504,5,9535.89,13187.26
504,6,9420.67,10219.39
505,1,0,0.0
505,2,212.8,265.51
505,3,513.6,621.99
505,4,2200.8,2564.76
505,5,4574.4,5725.23
505,6,5903.8,8753.59
506,1,0,0.0
506,2,8.5,9.6
506,3,82.67,28.11
506,4,186.33,112.34
506,5,1478.33,915.33
506,6,1110.33,430.67
507,1,0,0.0
507,2,39.17,76.55
507,3,173.17,153.89
507,4,871.17,1106.4
507,5,3086.83,3393.33
507,6,4739.67,4652.98
508,1,0,0.0
508,2,49.5,55.65
508,3,59.75,52.29
508,4,52.75,45.34
508,5,331.75,278.21
508,6,541,433.92
509,1,0,0.0
509,2,5.17,4.56
509,3,91.17,105.16
509,4,506.33,342.27
509,5,2192.83,1854.16
509,6,4100.33,3637.51
510,1,0,0.0
510,2,10.67,13.67
510,3,19.33,14.88
510,4,209,204.18
510,5,1011,902.25
510,6,1026,732.81
511,1,0,0.0
511,2,307,346.09
511,3,877.8,752.87
511,4,2305,2104.42
511,5,7115.2,6441.54
511,6,5650,3922.36
512,1,8,13.86
512,2,12,20.78
512,3,905,1564.04
512,4,3279,5677.66
512,5,11924.75,20597.14
512,6,14997.75,25702.84
513,1,8,13.86
513,2,49.75,61.65
513,3,931.5,1548.84
513,4,3306.5,5661.82
513,5,12013.25,20546.58
513,6,15245.5,25561.27
514,1,0,0.0
514,2,0.4,0.8
514,3,51,42.28
514,4,79,52.63
514,5,332.6,187.7
514,6,1104.6,691.31
515,1,0,0.0
515,2,34.17,38.98
515,3,676.17,960.64
515,4,1195.67,1259.17
515,5,1889.5,1287.46
515,6,1681,1005.75
516,1,0,0.0
516,2,65.67,93.58
516,3,443.33,441.49
516,4,942,717.51
516,5,5169.17,2996.68
516,6,6509.17,3996.32
517,1,8,13.86
517,2,12,20.78
517,3,905.5,1563.75
517,4,3320.75,5653.82
517,5,12154.5,20466.71
517,6,15157,25611.57
518,1,0,0.0
518,2,2.6,2.42
518,3,78.2,97.43
518,4,73,69.66
518,5,581.4,329.05
518,6,983,696.45
519,1,0,0.0
519,2,6.25,3.63
519,3,112.75,100.46
519,4,598.75,346.51
519,5,2767.5,2016.87
519,6,5396,3858.37
520,1,0,0.0
520,2,16.5,20.93
520,3,95.33,56.59
520,4,137,86.55
520,5,1317.33,1045.32
520,6,1031,495.15
521,1,0,0.0
521,2,737.25,952.0
521,3,3622.5,5646.98
521,4,12800.25,18949.22
521,5,15104.25,18203.7
521,6,14367.75,14587.68
522,1,0,0.0
522,2,129,178.27
522,3,337.25,323.82
522,4,545,464.27
522,5,1315.38,1255.62
522,6,1229.5,1466.38
523,1,0,0.0
523,2,70,43.49
523,3,761.17,939.36
523,4,2002,1734.17
523,5,2189.83,1581.6
523,6,2221,1098.51
524,1,4.2,8.4
524,2,47.6,63.14
524,3,71.6,51.54
524,4,197.2,110.89
524,5,988,458.94
524,6,2078.6,1261.83
525,1,0,0.0
525,2,88.4,135.25
525,3,215.4,332.54
525,4,392.4,596.82
525,5,854.2,979.49
525,6,817.2,1086.27
526,1,0,0.0
526,2,28,36.17
526,3,139.4,140.35
526,4,479.6,501.63
526,5,604.8,418.91
526,6,1077.8,796.92
527,1,0,0.0
527,2,5,7.04
527,3,19.8,13.38
527,4,30,5.18
527,5,282.2,42.3
527,6,395,148.84
528,1,4.57,11.2
528,2,6.86,16.8
528,3,516.29,1264.64
528,4,1875.14,4587.84
528,5,6822.14,16647.54
528,6,8525.29,20816.9
529,1,0,0.0
529,2,21.71,22.0
529,3,123.86,65.03
529,4,327.14,211.3
529,5,1826.29,969.03
529,6,2935.14,1803.02
530,1,0,0.0
530,2,3.17,3.18
530,3,125.17,66.37
530,4,88,57.42
530,5,717,412.64
530,6,1390,581.77
531,1,0,0.0
531,2,105.83,140.68
531,3,353.17,388.45
531,4,668.33,787.88
531,5,2280.5,2021.74
531,6,2751.67,1383.31
532,1,0,0.0
532,2,31,26.17
532,3,78,18.97
532,4,208.25,39.5
532,5,604.25,107.12
532,6,475.75,121.58
533,1,0,0.0
533,2,10.8,12.87
533,3,132.2,101.74
533,4,520.4,424.89
533,5,2239.2,1461.83
533,6,2664.8,989.43
534,1,0,0.0
534,2,38.5,47.19
534,3,77.75,45.05
534,4,120,58.14
534,5,337.75,181.73
534,6,750.5,628.72
535,1,0,0.0
535,2,32.14,28.1
535,3,54.29,26.1
535,4,211.14,154.92
535,5,698.29,502.87
535,6,1399,847.94
536,1,0,0.0
536,2,16.22,11.81
536,3,122.22,55.57
536,4,244.78,110.28
536,5,1846.89,707.84
536,6,1268.67,532.39
537,1,0,0.0
537,2,3.25,5.12
537,3,187,128.16
537,4,173.62,117.32
537,5,671.5,681.48
537,6,1291.12,1078.96
538,1,0,0.0
538,2,157.6,166.44
538,3,137.8,75.37
538,4,1121,542.17
538,5,2883,1050.52
538,6,4482.2,2868.38
539,1,8.5,13.59
539,2,12,20.78
539,3,1012,1509.37
539,4,3631.75,5493.4
539,5,12959.5,20009.59
539,6,15855,25227.87
540,1,0.5,0.87
540,2,0,0.0
540,3,100,163.44
540,4,324.75,519.92
540,5,739.25,944.21
540,6,900.75,1202.36
541,1,0,0.0
541,2,3.75,3.56
541,3,82.5,15.9
541,4,255.5,166.03
541,5,1776.25,1003.45
541,6,2365.75,555.45
542,1,0,0.0
542,2,0.25,0.43
542,3,50,13.11
542,4,60.5,40.03
542,5,91.5,44.79
542,6,257.75,85.51
543,1,0,0.0
543,2,17.25,10.43
543,3,40,26.9
543,4,267.5,175.46
543,5,987.5,740.12
543,6,1433.5,1009.84
544,1,118,236.0
544,2,270,272.3
544,3,796,1161.89
544,4,7498.2,11362.11
544,5,23933.8,13003.36
544,6,25736.8,15147.13
545,1,0,0.0
545,2,72.29,85.16
545,3,172.43,149.65
545,4,110.43,81.53
545,5,365.86,188.82
545,6,522.43,161.62
546,1,0,0.0
546,2,8.14,4.22
546,3,142.57,109.28
546,4,187.29,126.94
546,5,1303.14,1216.28
546,6,1654.57,2095.54
547,1,0,0.0
547,2,5.29,2.81
547,3,103.43,115.4
547,4,126.14,93.24
547,5,742.71,604.03
547,6,684,318.04
548,1,0,0.0
548,2,325.5,60.5
548,3,100.5,8.5
548,4,1028,23.0
548,5,3536,282.0
548,6,5938,2387.0
549,1,0,0.0
549,2,10.25,6.18
549,3,78,19.33
549,4,1104.25,457.79
549,5,2866.5,844.23
549,6,2026,837.05
550,1,0,0.0
550,2,57.25,23.37
550,3,310.75,83.9
550,4,569,370.9
550,5,1787.25,1654.66
550,6,1478.25,1295.34
551,1,0,0.0
551,2,31.2,25.78
551,3,227.6,188.52
551,4,366.4,260.68
551,5,654.4,308.14
551,6,543,379.31
552,1,0,0.0
552,2,595,870.9
552,3,3367,5026.38
552,4,11229.2,17236.67
552,5,15956.6,14791.44
552,6,16461.4,8899.11
553,1,0,0.0
553,2,23.83,43.97
553,3,227.33,149.73
553,4,272.17,262.38
553,5,1497.83,848.78
553,6,2324,694.1
554,1,0,0.0
554,2,141.5,153.74
554,3,445.75,404.61
554,4,1181.5,923.69
554,5,3379.25,2312.37
554,6,3827.5,743.33
555,1,0,0.0
555,2,55.25,89.35
555,3,263.5,117.77
555,4,1310.25,1126.06
555,5,4454.75,3408.6
555,6,6760.5,4492.05
556,1,0,0.0
556,2,10.67,7.82
556,3,167,66.55
556,4,248,204.87
556,5,1491,722.79
556,6,1653.5,544.02
557,1,0,0.0
557,2,6.22,12.83
557,3,92.22,68.48
557,4,142.78,119.98
557,5,1166.33,1058.94
557,6,2542.11,1974.23
558,1,0,0.0
558,2,15.86,22.25
558,3,136.14,77.98
558,4,416.14,599.35
558,5,2271.57,3915.43
558,6,3422.57,5684.86
559,1,84.29,206.46
559,2,164.29,270.23
559,3,642.29,1034.89
559,4,5117.71,10263.32
559,5,13472.57,16179.74
559,6,14383,17741.15
560,1,0,0.0
560,2,1146,1074.88
560,3,5605.25,5470.15
560,4,18685.25,18996.51
560,5,32069.25,31412.98
560,6,31565,29110.08
561,1,0,0.0
561,2,2.11,5.3
561,3,77.67,47.48
561,4,173,140.55
561,5,397.78,506.47
561,6,1049.78,730.86
562,1,0,0.0
562,2,1.5,3.35
562,3,44.83,39.41
562,4,75.5,64.38
562,5,253.5,328.58
562,6,937,1055.1
563,1,0,0.0
563,2,76.17,164.07
563,3,251,442.61
563,4,291.17,508.89
563,5,977.17,1517.44
563,6,934.17,1181.62
564,1,0,0.0
564,2,78.17,163.25
564,3,261.67,442.45
564,4,265.83,516.42
564,5,921.67,1547.04
564,6,917.5,1217.87
565,1,0,0.0
565,2,12,16.79
565,3,26.14,19.66
565,4,149.57,99.77
565,5,536.86,274.39
565,6,672.57,614.02
566,1,0,0.0
566,2,1.88,3.33
566,3,42.12,20.24
566,4,72.12,46.36
566,5,294,288.91
566,6,883.75,980.89
567,1,0,0.0
567,2,20.25,26.78
567,3,211.75,181.26
567,4,181.75,162.17
567,5,541,426.48
567,6,989,1287.73
568,1,0,0.0
568,2,121.6,78.42
568,3,260.2,189.63
568,4,313.6,279.78
568,5,1096.8,643.09
568,6,1092.2,441.55
569,1,0,0.0
569,2,16.33,18.77
569,3,136.33,168.91
569,4,3204.33,6514.42
569,5,11325.5,21170.99
569,6,13470,24292.43
570,1,0,0.0
570,2,6.75,4.82
570,3,143,128.94
570,4,1285,608.98
570,5,5109,2661.36
570,6,2354.25,767.56
571,1,0,0.0
571,2,33.6,40.33
571,3,208,183.63
571,4,198.6,146.92
571,5,432.4,257.66
571,6,392.2,257.33
572,1,0,0.0
572,2,12.25,17.41
572,3,73,36.99
572,4,109,74.0
572,5,1194.5,1286.91
572,6,2681.25,2302.04
573,1,0,0.0
573,2,12.75,12.46
573,3,94.25,40.07
573,4,351.5,126.03
573,5,1793.5,1066.22
573,6,2483.25,850.8
574,1,0,0.0
574,2,0.89,2.18
574,3,62.78,34.89
574,4,59.44,31.18
574,5,368.22,120.49
574,6,822.67,372.25
575,1,0,0.0
575,2,36.25,51.73
575,3,113.88,171.8
575,4,46.25,38.87
575,5,256.75,152.87
575,6,431.62,277.76
576,1,0,0.0
576,2,75.8,93.66
576,3,592.2,457.62
576,4,1736.2,2522.18
576,5,6154,4280.73
576,6,10679.4,4859.19
577,1,0,0.0
577,2,1.17,1.46
577,3,45.5,21.86
577,4,395.17,324.43
577,5,3997.67,4341.55
577,6,5783.67,6101.38
578,1,0,0.0
578,2,13.33,23.94
578,3,200.83,144.62
578,4,187.67,127.78
578,5,526.17,336.22
578,6,734.17,1114.17
579,1,0,0.0
579,2,6.17,5.64
579,3,43.83,38.52
579,4,122.5,159.16
579,5,918.17,1369.55
579,6,1436.17,2390.86
580,1,0,0.0
580,2,46.4,45.11
580,3,632.6,1063.59
580,4,1157.8,1414.57
580,5,1681.8,1597.95
580,6,1555.4,1214.82
581,1,8,13.86
581,2,12.25,20.64
581,3,908,1562.31
581,4,3306,5662.26
581,5,12077.5,20510.71
581,6,15162,25611.37
582,1,0,0.0
582,2,34.33,41.35
582,3,121.17,132.73
582,4,474.5,472.74
582,5,503.67,411.42
582,6,853.83,595.16
583,1,0,0.0
583,2,16.12,10.36
583,3,73.88,30.22
583,4,113.5,60.23
583,5,1058,547.23
583,6,905.38,298.88
584,1,0,0.0
584,2,0.25,0.43
584,3,94,95.74
584,4,96.5,50.94
584,5,159.25,85.47
584,6,546.5,192.48
585,1,0,0.0
585,2,49.38,44.89
585,3,45.88,44.44
585,4,225.62,325.0
585,5,917,1320.21
585,6,1573.25,1878.66
586,1,3,7.35
586,2,49.86,52.83
586,3,57.57,49.46
586,4,196.57,136.84
586,5,1069.57,727.63
586,6,1996.57,1344.43
587,1,0,0.0
587,2,139,175.73
587,3,403.75,496.15
587,4,2467.25,1475.01
587,5,11885.5,2716.23
587,6,16622.75,5416.61
588,1,0,0.0
588,2,92.5,77.39
588,3,188.83,115.27
588,4,281.33,113.72
588,5,552.67,289.31
588,6,532.17,253.81
589,1,0,0.0
589,2,5.71,12.79
589,3,24.14,12.28
589,4,32.29,11.21
589,5,299.29,131.94
589,6,435.29,272.72
590,1,0,0.0
590,2,5,3.46
590,3,130.86,128.98
590,4,214.29,141.39
590,5,867.86,573.77
590,6,1790.43,937.55
591,1,0,0.0
591,2,17.17,9.86
591,3,175.67,53.01
591,4,223.5,77.33
591,5,1289,343.3
591,6,1370.33,732.64
592,1,0,0.0
592,2,10.33,10.03
592,3,147.5,101.7
592,4,350.5,330.17
592,5,1508,916.43
592,6,1488.5,867.53
593,1,0,0.0
593,2,0,0.0
593,3,4,0.0
593,4,8,0.0
593,5,12,0.0
593,6,7,0.0
594,1,0,0.0
594,2,31.86,45.15
594,3,54.57,88.84
594,4,520.86,572.05
594,5,1512.29,1164.42
594,6,1633.43,837.34
595,1,0,0.0
595,2,25.29,20.03
595,3,165.86,63.7
595,4,490.29,459.94
595,5,3382.43,3814.35
595,6,2561.29,2295.84
596,1,0,0.0
596,2,10,5.89
596,3,162,43.14
596,4,175.67,36.31
596,5,612.67,413.24
596,6,1331.33,1333.74
597,1,0,0.0
597,2,5.83,7.24
597,3,37,28.92
597,4,164,179.07
597,5,517.5,587.15
597,6,1237.17,832.53
598,1,0,0.0
598,2,26.2,18.17
598,3,127.2,74.96
598,4,363.2,182.11
598,5,1052.2,521.13
598,6,1765,995.56
599,1,0,0.0
599,2,84.5,89.11
599,3,540.33,386.77
599,4,829,725.81
599,5,5412,2796.92
599,6,8334.67,4390.85
600,1,0,0.0
600,2,40.29,39.48
600,3,48.43,49.33
600,4,260,354.96
600,5,1183.14,1482.43
600,6,1876.29,2055.44
601,1,0,0.0
601,2,14,10.95
601,3,147.25,40.49
601,4,217.5,180.01
601,5,1395.25,1107.82
601,6,2353.75,2488.42
602,1,0,0.0
602,2,8.83,15.17
602,3,87.83,67.07
602,4,166.83,150.58
602,5,1265,1221.87
602,6,3110,2296.05
603,1,0,0.0
603,2,18.57,20.89
603,3,131.43,46.03
603,4,524.57,439.37
603,5,3554.57,3716.61
603,6,2392.43,2323.45
604,1,0,0.0
604,2,539.8,791.38
604,3,2264,2969.9
604,4,7563.8,10399.14
604,5,20858,28573.79
604,6,23185,27625.09
605,1,0,0.0
605,2,4.25,5.74
605,3,21.88,19.27
605,4,27.88,11.53
605,5,185.25,108.68
605,6,348.75,196.45
606,1,0,0.0
606,2,25.17,39.64
606,3,74.17,89.6
606,4,99.67,84.56
606,5,555,766.75
606,6,772.33,1033.87
607,1,0,0.0
607,2,74.71,151.03
607,3,202.57,418.05
607,4,255.57,476.16
607,5,835.29,1443.08
607,6,771.29,1144.43
608,1,0,0.0
608,2,49.83,78.47
608,3,143.67,232.8
608,4,233.5,375.3
608,5,1628.33,2804.46
608,6,5024.67,9608.24
609,1,0,0.0
609,2,0,0.0
609,3,23.67,16.44
609,4,27,25.66
609,5,107.33,120.82
609,6,96,119.81
610,1,0,0.0
610,2,2.2,2.64
610,3,22,12.7
610,4,18.2,9.15
610,5,99.4,68.95
610,6,283.6,118.86
611,1,0,0.0
611,2,82.4,39.9
611,3,71.8,57.91
611,4,434.2,454.11
611,5,1505,1558.55
611,6,2616.4,2151.56
612,1,0,0.0
612,2,3.83,2.27
612,3,79.17,33.24
612,4,192.5,133.82
612,5,1234.5,1022.93
612,6,1562.67,789.54
613,1,0,0.0
613,2,40.4,62.48
613,3,129.2,188.41
613,4,70.4,40.54
613,5,284.8,122.34
613,6,376.6,158.48
614,1,0,0.0
614,2,12.4,5.89
614,3,94.4,22.78
614,4,310.6,47.34
614,5,870,404.22
614,6,1921.6,964.74
615,1,0,0.0
615,2,14,11.45
615,3,87,40.11
615,4,256,127.59
615,5,1460.25,757.25
615,6,838.25,379.39
616,1,0,0.0
616,2,10.67,3.3
616,3,112.67,21.08
616,4,284,203.87
616,5,2112,744.6
616,6,2405.33,588.9
617,1,0,0.0
617,2,23.17,39.44
617,3,88.5,87.85
617,4,231.83,267.18
617,5,681.83,745.72
617,6,855.5,1012.6
618,1,0,0.0
618,2,0,0.0
618,3,0.5,0.5
618,4,0.5,0.5
618,5,27,25.99
618,6,102.25,61.82
619,1,0,0.0
619,2,1.57,2.72
619,3,73.86,138.79
619,4,101.57,138.47
619,5,422.43,402.91
619,6,780,938.1
620,1,0,0.0
620,2,23.2,31.96
620,3,245.2,373.94
620,4,365.8,172.25
620,5,2739.6,1248.25
620,6,4479.8,1752.04
621,1,0,0.0
621,2,8.44,11.29
621,3,61.56,63.59
621,4,238.11,302.2
621,5,738.33,825.09
621,6,892.56,954.87
622,1,0,0.0
622,2,53,32.21
622,3,299,133.52
622,4,381.5,61.08
622,5,938.75,226.12
622,6,832.25,305.77
623,1,0,0.0
623,2,12.67,8.34
623,3,74.33,17.99
623,4,81.33,29.17
623,5,770.33,297.3
623,6,1110.67,371.04
624,1,0,0.0
624,2,0,0.0
624,3,2.2,3.43
624,4,1,1.1
624,5,59.8,47.99
624,6,94.2,66.02
625,1,0,0.0
625,2,9.83,7.2
625,3,116.83,51.54
625,4,214.33,144.91
625,5,1284.33,911.68
625,6,2098.67,2084.08
626,1,0,0.0
626,2,2.6,2.58
626,3,24,14.3
626,4,27.6,10.52
626,5,188.6,102.5
626,6,387.4,113.27
627,1,0,0.0
627,2,116.6,208.84
627,3,388,386.63
627,4,520,461.11
627,5,954.6,938.94
627,6,1659.6,2039.35
628,1,0,0.0
628,2,1.5,1.5
628,3,104.5,72.5
628,4,353,335.0
628,5,1204.5,1073.5
628,6,1333.5,991.5
629,1,0,0.0
629,2,3.4,6.8
629,3,65.8,31.28
629,4,152.6,198.86
629,5,602.8,604.71
629,6,990,753.84
630,1,1.75,3.03
630,2,31.25,25.8
630,3,409,172.3
630,4,769.5,714.89
630,5,5849.75,2898.41
630,6,9109.5,4448.61
631,1,0,0.0
631,2,2.14,2.1
631,3,28.43,12.02
631,4,69.29,62.22
631,5,345.43,337.77
631,6,430.29,230.93
632,1,0,0.0
632,2,0.25,0.43
632,3,72,26.37
632,4,174,58.16
632,5,685,436.88
632,6,1339.25,1257.52
633,1,0,0.0
633,2,8.43,9.1
633,3,102,131.38
633,4,202.86,134.81
633,5,901,509.93
633,6,1780.43,964.96
634,1,0,0.0
634,2,93,82.66
634,3,249.8,195.21
634,4,358.8,248.75
634,5,801.2,506.49
634,6,523.6,338.63
635,1,0,0.0
635,2,26,23.3
635,3,20,17.9
635,4,74,23.48
635,5,316.2,237.91
635,6,831,596.74
636,1,0,0.0
636,2,15,9.23
636,3,129,67.74
636,4,285.4,160.61
636,5,1602.8,916.27
636,6,2021,1063.26
637,1,0,0.0
637,2,19.2,26.03
637,3,153.4,70.35
637,4,511.4,685.01
637,5,3175.8,4335.83
637,6,4768.6,6269.71
638,1,0,0.0
638,2,19.4,15.27
638,3,123.6,77.07
638,4,2246,1779.64
638,5,4554,2333.91
638,6,2497.2,681.45
639,1,0,0.0
639,2,5.75,4.21
639,3,115.5,32.81
639,4,274.75,44.2
639,5,1861.75,449.14
639,6,1757.5,339.82
640,1,0,0.0
640,2,14.57,20.28
640,3,23.57,7.78
640,4,72.29,76.02
640,5,430.14,339.04
640,6,967,1023.86
641,1,0,0.0
641,2,329.14,727.2
641,3,1440.14,2736.22
641,4,4558.86,9511.88
641,5,15289.29,25494.92
641,6,18343.86,24646.17
642,1,0,0.0
642,2,14.86,20.12
642,3,69.57,60.54
642,4,126.43,72.36
642,5,849.57,834.57
642,6,632.57,381.29
643,1,250.5,560.14
643,2,1104.17,2407.87
643,3,4885.67,10706.69
643,4,12901.83,28071.3
643,5,6366.17,12766.56
643,6,7676.5,14836.16
644,1,0,0.0
644,2,406.5,337.48
644,3,1157,739.81
644,4,3287.5,2185.6
644,5,11030,7032.36
644,6,9237,5209.73
645,1,0,0.0
645,2,0,0.0
645,3,1.5,2.06
645,4,0.75,1.3
645,5,25,35.5
645,6,119,125.76
646,1,0,0.0
646,2,0.5,0.5
646,3,246.5,149.5
646,4,224.5,26.5
646,5,681.5,60.5
646,6,677.5,31.5
647,1,16,16.0
647,2,24,24.0
647,3,1809.5,1804.5
647,4,6558,6555.0
647,5,23843,23757.0
647,6,29922,29594.0
648,1,0,0.0
648,2,0.33,0.47
648,3,4.33,5.44
648,4,37,52.33
648,5,232,316.09
648,6,381.67,491.06
649,1,0,0.0
649,2,28.5,18.78
649,3,24.17,18.03
649,4,91.17,26.52
649,5,392.67,207.28
649,6,1053.67,542.13
650,1,0,0.0
650,2,53.5,90.37
650,3,148.75,174.96
650,4,1110.5,1221.86
650,5,5414.75,3981.44
650,6,5780,4630.68
651,1,0,0.0
651,2,35.5,31.5
651,3,204.17,125.92
651,4,364.5,230.42
651,5,893.5,219.07
651,6,973.5,153.44
652,1,0,0.0
652,2,4.2,5.6
652,3,45.2,41.23
652,4,96.8,47.21
652,5,510,312.25
652,6,1375.6,697.87
653,1,98.33,219.88
653,2,131.17,287.96
653,3,567.5,1143.87
653,4,5465.5,11086.74
653,5,13480.67,19213.17
653,6,15035.83,21370.75
654,1,0,0.0
654,2,5.17,4.37
654,3,178.33,100.6
654,4,161.33,108.31
654,5,1053.83,646.17
654,6,1227,533.37
655,1,0,0.0
655,2,2.44,4.62
655,3,63.56,62.31
655,4,107.89,57.65
655,5,405.33,313.49
655,6,1015.44,646.17
656,1,0,0.0
656,2,13.25,10.47
656,3,137,61.6
656,4,183.5,87.16
656,5,1187,210.59
656,6,2118.25,642.69
657,1,0,0.0
657,2,0,0.0
657,3,54,49.73
657,4,79.4,54.65
657,5,121.4,39.29
657,6,381,184.89
658,1,0,0.0
658,2,2.5,1.66
658,3,22.25,15.04
658,4,168,118.86
658,5,396.25,192.05
658,6,319.25,157.88
659,1,0,0.0
659,2,658.86,1553.56
659,3,1381.43,3239.89
659,4,1195.14,2428.17
659,5,1364.14,1635.38
659,6,1317.86,1403.27
660,1,0,0.0
660,2,1.2,2.4
660,3,67.6,48.8
660,4,98.4,48.0
660,5,125,75.56
660,6,660.4,669.04
661,1,0,0.0
661,2,84.17,160.33
661,3,305,533.02
661,4,1179.5,1919.21
661,5,2015.67,2765.94
661,6,2335.33,2470.69
662,1,0,0.0
662,2,117,118.34
662,3,103.67,134.66
662,4,222.33,175.38
662,5,772.33,485.86
662,6,1491,469.94
663,1,0,0.0
663,2,0,0.0
663,3,1.5,1.5
663,4,13,13.0
663,5,93,33.0
663,6,207.5,106.5
664,1,0,0.0
664,2,2.25,3.34
664,3,133,161.95
664,4,156,156.56
664,5,427.5,500.74
664,6,1083.75,1112.14
665,1,0,0.0
665,2,55.38,86.93
665,3,229.94,221.44
665,4,962.12,880.59
665,5,8132,9807.38
665,6,8772.69,9226.09
666,1,0,0.0
666,2,2255.5,3681.54
666,3,8691.67,14113.34
666,4,14289.5,13492.51
666,5,25902.17,24364.98
666,6,27416.33,23527.34
667,1,0,0.0
667,2,124,167.27
667,3,70.17,21.33
667,4,648.5,424.29
667,5,2260.5,1243.13
667,6,3300.17,2310.21
668,1,0,0.0
668,2,24.25,17.28
668,3,126,88.57
668,4,2084.5,2176.77
668,5,4669,2782.08
668,6,2262.25,875.69
669,1,0,0.0
669,2,998.6,1868.18
669,3,4943,9360.41
669,4,11423.4,18510.4
669,5,15227.4,9933.28
669,6,16852.8,10257.53
670,1,0,0.0
670,2,17.67,13.12
670,3,177,105.42
670,4,960.33,434.43
670,5,4078,1653.4
670,6,3144,324.27
671,1,0,0.0
671,2,5,4.32
671,3,45.33,31.33
671,4,293.67,189.05
671,5,1611.67,1470.21
671,6,1832.67,961.85
672,1,0,0.0
672,2,21.67,10.21
672,3,181.33,101.0
672,4,1653,240.28
672,5,5059,2610.36
672,6,2483,926.26
673,1,0,0.0
673,2,5.75,3.77
673,3,142.5,97.2
673,4,712.25,245.19
673,5,3246,1654.1
673,6,6018.75,3290.16
674,1,0,0.0
674,2,7.75,12.85
674,3,21,19.56
674,4,143.25,203.87
674,5,798.25,869.22
674,6,844.75,707.51
675,1,10.67,15.08
675,2,16,22.63
675,3,1223.33,1690.6
675,4,4390,6168.13
675,5,15931.33,22393.24
675,6,19926.33,27994.24
676,1,0,0.0
676,2,59.8,98.66
676,3,81.3,78.68
676,4,1018.3,1621.75
676,5,2428,1670.6
676,6,2498.1,1905.35
677,1,0,0.0
677,2,6.57,4.24
677,3,132.71,97.62
677,4,928.71,678.2
677,5,4531.43,2904.8
677,6,3383.57,2707.13
678,1,0,0.0
678,2,10.4,11.0
678,3,36.4,27.8
678,4,452,359.39
678,5,2340.6,2117.62
678,6,3681.4,3815.76
679,1,0,0.0
679,2,82,93.43
679,3,162.83,168.6
679,4,1425.67,1071.83
679,5,3642,2715.78
679,6,2768.33,1768.14
680,1,0,0.0
680,2,111.83,192.73
680,3,257.17,397.18
680,4,353.17,494.52
680,5,1014,1003.18
680,6,1624.17,1915.31
681,1,0,0.0
681,2,0,0.0
681,3,5.6,8.82
681,4,17.8,30.15
681,5,53.6,68.88
681,6,20,15.18
682,1,0,0.0
682,2,12.62,20.4
682,3,129.38,115.23
682,4,604.38,871.52
682,5,4552,6775.61
682,6,5130.88,5324.93
683,1,0,0.0
683,2,45.25,46.04
683,3,197.25,186.7
683,4,222.5,254.54
683,5,420.62,518.57
683,6,390.25,277.15
684,1,0,0.0
684,2,10.14,10.87
684,3,151.43,87.29
684,4,237.29,152.95
684,5,1335.29,995.67
684,6,1797.71,1008.18
685,1,0,0.0
685,2,6.33,6.02
685,3,114.83,74.08
685,4,119.83,65.88
685,5,418.5,353.65
685,6,729.33,1117.47
686,1,0,0.0
686,2,13.25,11.03
686,3,91.75,69.14
686,4,741.25,732.36
686,5,2948.5,1443.81
686,6,4984.75,1941.2
687,1,0,0.0
687,2,172.67,339.61
687,3,349.67,678.25
687,4,278.67,453.04
687,5,807,1269.8
687,6,1187.17,1898.63
688,1,0,0.0
688,2,17,31.83
688,3,38.5,50.87
688,4,53.33,85.79
688,5,343.83,477.4
688,6,749.17,926.42
689,1,0,0.0
689,2,31.2,32.65
689,3,64.6,44.7
689,4,92.2,58.49
689,5,242.2,161.52
689,6,549.6,325.3
690,1,0,0.0
690,2,44.6,53.08
690,3,173,104.33
690,4,663.6,707.5
690,5,4286.6,4495.85
690,6,5580.2,6432.92
691,1,0,0.0
691,2,76,75.0
691,3,31,19.0
691,4,66.5,2.5
691,5,451.5,55.5
691,6,726,46.0
692,1,0,0.0
692,2,0,0.0
692,3,1,0.0
692,4,1,1.0
692,5,26.5,1.5
692,6,45,1.0
693,1,0,0.0
693,2,0,0.0
693,3,2,3.52
693,4,0.6,0.8
693,5,35.4,55.51
693,6,53,58.33
694,1,0,0.0
694,2,0,0.0
694,3,0.14,0.35
694,4,1,1.31
694,5,20.14,26.57
694,6,45.29,59.13
695,1,0,0.0
695,2,0,0.0
695,3,27,25.45
695,4,80.5,97.42
695,5,218.33,190.58
695,6,719,653.43
696,1,0,0.0
696,2,7.83,6.36
696,3,163.67,58.56
696,4,396.67,293.0
696,5,1821.17,470.98
696,6,1982.33,406.74
697,1,1.17,2.61
697,2,14,21.46
697,3,300.67,339.02
697,4,734.67,623.27
697,5,4489.33,1834.22
697,6,6919.5,2372.73
698,1,0,0.0
698,2,1.5,2.93
698,3,128.33,154.05
698,4,122.17,143.26
698,5,288.33,450.0
698,6,745.33,1027.03
699,1,0,0.0
699,2,19.17,17.86
699,3,41,21.18
699,4,161.33,96.07
699,5,393,177.2
699,6,396.67,250.05
700,1,0,0.0
700,2,24.75,23.98
700,3,151.5,29.87
700,4,667,533.71
700,5,4932,4427.82
700,6,3449.5,2624.36
701,1,0,0.0
701,2,162.2,239.63
701,3,564.2,701.68
701,4,2728.6,3165.68
701,5,5027.8,5783.93
701,6,6476,8737.03
702,1,0,0.0
702,2,3.6,2.06
702,3,138.8,130.11
702,4,219,57.31
702,5,1178.4,539.86
702,6,875.6,323.58
703,1,0,0.0
703,2,157.4,147.66
703,3,485.6,422.95
703,4,2577.4,1497.0
703,5,8385.6,4937.94
703,6,8310.4,7888.97
704,1,0,0.0
704,2,97.6,173.22
704,3,304.2,467.25
704,4,340.6,544.02
704,5,1035.8,1670.55
704,6,942.4,1315.48
705,1,0,0.0
705,2,62.43,88.6
705,3,504.71,412.63
705,4,770.71,731.92
705,5,4623.86,2003.65
705,6,6554.86,3419.24
706,1,0,0.0
706,2,139.4,132.43
706,3,292.6,157.81
706,4,1809.4,775.7
706,5,4884,2112.17
706,6,5754.6,2790.53
707,1,0,0.0
707,2,20.29,16.71
707,3,172.29,130.41
707,4,1877,1648.8
707,5,4304.57,2412.71
707,6,2251.71,1249.05
708,1,0,0.0
708,2,4.25,4.71
708,3,88.75,98.84
708,4,793.25,906.94
708,5,10739.75,12557.17
708,6,12243.75,11974.78
709,1,0,0.0
709,2,11.75,18.63
709,3,44.5,47.7
709,4,600.5,479.11
709,5,8217.75,7545.0
709,6,10261.5,7269.33
710,1,0,0.0
710,2,83,77.31
710,3,250.25,243.3
710,4,480.75,357.51
710,5,2959.5,2858.32
710,6,8576.5,10295.54
711,1,0,0.0
711,2,56.83,53.82
711,3,240,251.5
711,4,359,273.02
711,5,1275.33,529.85
711,6,1872.5,630.57
712,1,0,0.0
712,2,3.71,4.16
712,3,75.57,85.11
712,4,373.86,234.13
712,5,2230.29,2119.52
712,6,4206.86,4215.86
713,1,0,0.0
713,2,6.75,4.32
713,3,98.25,30.56
713,4,216.25,46.7
713,5,1442.75,522.07
713,6,2031.5,521.53
714,1,6.4,12.8
714,2,9.6,19.2
714,3,724,1445.0
714,4,2623,5245.0
714,5,9522.8,19038.6
714,6,11932.4,23791.82
715,1,196.67,278.13
715,2,319.67,328.53
715,3,1222,1340.04
715,4,11461.33,13242.43
715,5,29306.67,16293.24
715,6,31462.33,19801.33
716,1,8,13.86
716,2,12.25,20.64
716,3,906.75,1563.04
716,4,3310,5659.92
716,5,12108.75,20492.39
716,6,15189.75,25595.0
717,1,8,13.86
717,2,12,20.78
717,3,903.75,1564.76
717,4,3278.5,5677.95
717,5,11946.25,20584.75
717,6,14946.75,25732.1
718,1,4.57,11.2
718,2,7,16.74
718,3,518.29,1263.83
718,4,1891.29,4581.4
718,5,6918.29,16609.81
718,6,8695,20750.62
719,1,0,0.0
719,2,0,0.0
719,3,0,0.0
719,4,1.4,1.36
719,5,16.4,18.7
719,6,62.2,45.84
720,1,0,0.0
720,2,5,6.27
720,3,87.17,70.22
720,4,207.67,171.6
720,5,684,520.59
720,6,1540.67,1150.16
721,1,0,0.0
721,2,0,0.0
721,3,212,184.0
721,4,213,38.0
721,5,491.5,129.5
721,6,603,43.0
722,1,8,13.86
722,2,12,20.78
722,3,906.75,1563.04
722,4,3298,5666.76
722,5,12059.75,20520.26
722,6,15044.25,25676.88
723,1,0,0.0
723,2,98.4,109.08
723,3,213.6,93.53
723,4,1919.4,835.22
723,5,17043.2,6442.89
723,6,20258.4,1959.52
724,1,147.5,255.48
724,2,207.75,327.87
724,3,1100,1181.92
724,4,8087.5,12764.05
724,5,15085.75,19010.49
724,6,16971.25,22398.56
725,1,0,0.0
725,2,10,10.43
725,3,79,33.02
725,4,233.6,139.1
725,5,949.6,480.71
725,6,1887.4,804.07
726,1,84.29,206.46
726,2,136.86,261.92
726,3,536,1056.58
726,4,4492,10491.08
726,5,7875.43,16394.11
726,6,9990.71,18740.89
727,1,0,0.0
727,2,0,0.0
727,3,5,4.08
727,4,23,24.99
727,5,100.33,203.86
727,6,110.33,223.08
