districtid,monthid,statemean,statestdev
101,1,0,0
101,2,40.84,40.84
101,3,122.9,122.9
101,4,140.73,140.73
101,5,451.35,451.35
101,6,608.33,608.33
102,1,0,0
102,2,19.81,19.81
102,3,116.76,116.76
102,4,317.34,317.34
102,5,1277.04,1277.04
102,6,1714.68,1714.68
103,1,0,0
103,2,46.94,46.94
103,3,123.22,123.22
103,4,380,380
103,5,818.66,818.66
103,6,799.09,799.09
104,1,0,0
104,2,523.82,523.82
104,3,2206.41,2206.41
104,4,4486.74,4486.74
104,5,7978.41,7978.41
104,6,9834.12,9834.12
105,1,0,0
105,2,0,0
105,3,11,11
105,4,9,9
105,5,16.14,16.14
105,6,24.71,24.71
106,1,0,0
106,2,61.91,61.91
106,3,234.41,234.41
106,4,366.41,366.41
106,5,888.5,888.5
106,6,1009.94,1009.94
107,1,0,0
107,2,534.76,534.76
107,3,2249.42,2249.42
107,4,4595.55,4595.55
107,5,8184.3,8184.3
107,6,10093.79,10093.79
108,1,0,0
108,2,5.08,5.08
108,3,128.69,128.69
108,4,386.62,386.62
108,5,2071.15,2071.15
108,6,3409.31,3409.31
109,1,0,0
109,2,19.4,19.4
109,3,115.86,115.86
109,4,314.77,314.77
109,5,1274.62,1274.62
109,6,1699.52,1699.52
110,1,0,0
110,2,85.73,85.73
110,3,357.41,357.41
110,4,891.14,891.14
110,5,3217.86,3217.86
110,6,3383.45,3383.45
111,1,0,0
111,2,41.66,41.66
111,3,125.36,125.36
111,4,143.28,143.28
111,5,456.42,456.42
111,6,610.92,610.92
112,1,0,0
112,2,1.67,1.67
112,3,131.67,131.67
112,4,140.5,140.5
112,5,561,561
112,6,1096,1096
113,1,0,0
113,2,63.1,63.1
113,3,235.03,235.03
113,4,347.23,347.23
113,5,782.61,782.61
113,6,951.55,951.55
114,1,0,0
114,2,22.29,22.29
114,3,257.62,257.62
114,4,692.9,692.9
114,5,965.19,965.19
114,6,1376.67,1376.67
115,1,0,0
115,2,19.64,19.64
115,3,116.12,116.12
115,4,318.57,318.57
115,5,1288.1,1288.1
115,6,1716.01,1716.01
116,1,0,0
116,2,19.76,19.76
116,3,114.89,114.89
116,4,321.63,321.63
116,5,1300.92,1300.92
116,6,1729.23,1729.23
117,1,0,0
117,2,549.31,549.31
117,3,2312.38,2312.38
117,4,4723.56,4723.56
117,5,8371.34,8371.34
117,6,10324.09,10324.09
118,1,0,0
118,2,48.42,48.42
118,3,126.55,126.55
118,4,388.13,388.13
118,5,826.29,826.29
118,6,802.42,802.42
119,1,0,0
119,2,62.76,62.76
119,3,36.57,36.57
119,4,207.86,207.86
119,5,791.29,791.29
119,6,1595.76,1595.76
120,1,0,0
120,2,19.94,19.94
120,3,115.87,115.87
120,4,324.11,324.11
120,5,1309.01,1309.01
120,6,1741.26,1741.26
121,1,0,0
121,2,49,49
121,3,129.3,129.3
121,4,395.27,395.27
121,5,844.5,844.5
121,6,820.43,820.43
122,1,0,0
122,2,75.17,75.17
122,3,171.08,171.08
122,4,1587.25,1587.25
122,5,16075.92,16075.92
122,6,18661,18661
123,1,0,0
123,2,18.47,18.47
123,3,180,180
123,4,288.37,288.37
123,5,768.11,768.11
123,6,811.74,811.74
124,1,0,0
124,2,14.48,14.48
124,3,96.55,96.55
124,4,333.28,333.28
124,5,1219.48,1219.48
124,6,2438.76,2438.76
125,1,0,0
125,2,0,0
125,3,3.42,3.42
125,4,11.38,11.38
125,5,80.75,80.75
125,6,107,107
126,1,0,0
126,2,42.45,42.45
126,3,127.45,127.45
126,4,146.1,146.1
126,5,464.53,464.53
126,6,615.43,615.43
127,1,0,0
127,2,18.16,18.16
127,3,136.81,136.81
127,4,273.35,273.35
127,5,1874.92,1874.92
127,6,1534.49,1534.49
128,1,0,0
128,2,48.69,48.69
128,3,131.79,131.79
128,4,404.86,404.86
128,5,870.72,870.72
128,6,844.24,844.24
129,1,0,0
129,2,205.69,205.69
129,3,891.19,891.19
129,4,2781.06,2781.06
129,5,4626.84,4626.84
129,6,4077.94,4077.94
130,1,0,0
130,2,18.44,18.44
130,3,139,139
130,4,278.28,278.28
130,5,1907.69,1907.69
130,6,1561.81,1561.81
131,1,0,0
131,2,43.29,43.29
131,3,129.31,129.31
131,4,148.67,148.67
131,5,472.94,472.94
131,6,625.29,625.29
132,1,0,0
132,2,0,0
132,3,0,0
132,4,0,0
132,5,0,0
132,6,0,0
133,1,0,0
133,2,20.12,20.12
133,3,117.04,117.04
133,4,327.87,327.87
133,5,1320.7,1320.7
133,6,1755.25,1755.25
134,1,0,0
134,2,18.51,18.51
134,3,140.14,140.14
134,4,280.34,280.34
134,5,1928.23,1928.23
134,6,1565.6,1565.6
135,1,0,0
135,2,546.71,546.71
135,3,2329.65,2329.65
135,4,4690.13,4690.13
135,5,8361.61,8361.61
135,6,10408.23,10408.23
136,1,0,0
136,2,20.41,20.41
136,3,116.49,116.49
136,4,328.46,328.46
136,5,1321.46,1321.46
136,6,1749.47,1749.47
137,1,0,0
137,2,20.7,20.7
137,3,115.91,115.91
137,4,330.54,330.54
137,5,1318.88,1318.88
137,6,1751.9,1751.9
138,1,0,0
138,2,14.14,14.14
138,3,190.14,190.14
138,4,1104.31,1104.31
138,5,5062.93,5062.93
138,6,6795.93,6795.93
139,1,0,0
139,2,1.82,1.82
139,3,140,140
139,4,148.27,148.27
139,5,605.64,605.64
139,6,1183,1183
140,1,0,0
140,2,20.86,20.86
140,3,116.17,116.17
140,4,330.59,330.59
140,5,1335.18,1335.18
140,6,1774.38,1774.38
141,1,0,0
141,2,20.92,20.92
141,3,116.65,116.65
141,4,334.83,334.83
141,5,1341.22,1341.22
141,6,1783.85,1783.85
142,1,0,0
142,2,44.21,44.21
142,3,131.81,131.81
142,4,151,151
142,5,480.4,480.4
142,6,634.87,634.87
143,1,0,0
143,2,14.93,14.93
143,3,95.46,95.46
143,4,340.46,340.46
143,5,1246.54,1246.54
143,6,2480.93,2480.93
144,1,0,0
144,2,12.52,12.52
144,3,94.85,94.85
144,4,341.33,341.33
144,5,1256.81,1256.81
144,6,2472,2472
145,1,0,0
145,2,14.5,14.5
145,3,191.54,191.54
145,4,1089.68,1089.68
145,5,4898.11,4898.11
145,6,6608.5,6608.5
146,1,0,0
146,2,21.23,21.23
146,3,117.55,117.55
146,4,334.8,334.8
146,5,1327.52,1327.52
146,6,1785.91,1785.91
147,1,0,0
147,2,0.85,0.85
147,3,51.58,51.58
147,4,100.19,100.19
147,5,339.04,339.04
147,6,1135.96,1135.96
148,1,0,0
148,2,0.88,0.88
148,3,48.76,48.76
148,4,97.32,97.32
148,5,344.6,344.6
148,6,1158.44,1158.44
149,1,0,0
149,2,0.92,0.92
149,3,49.38,49.38
149,4,96.38,96.38
149,5,355.08,355.08
149,6,1201.21,1201.21
150,1,0,0
150,2,21.56,21.56
150,3,118.63,118.63
150,4,339.05,339.05
150,5,1343,1343
150,6,1804.19,1804.19
151,1,0,0
151,2,0.96,0.96
151,3,50.35,50.35
151,4,98.09,98.09
151,5,367.22,367.22
151,6,1239.22,1239.22
152,1,0,0
152,2,48.5,48.5
152,3,134.14,134.14
152,4,412.61,412.61
152,5,885.14,885.14
152,6,858.21,858.21
153,1,0,0
153,2,21.61,21.61
153,3,120.37,120.37
153,4,343.87,343.87
153,5,1359.77,1359.77
153,6,1822.34,1822.34
154,1,0,0
154,2,18.94,18.94
154,3,184.5,184.5
154,4,297.06,297.06
154,5,766.17,766.17
154,6,792.28,792.28
155,1,0,0
155,2,18.79,18.79
155,3,140.12,140.12
155,4,284.26,284.26
155,5,1959.21,1959.21
155,6,1593.29,1593.29
156,1,0,0
156,2,89.81,89.81
156,3,366.05,366.05
156,4,926.9,926.9
156,5,3329.38,3329.38
156,6,3454.62,3454.62
157,1,0,0
157,2,65,65
157,3,242.13,242.13
157,4,358.33,358.33
157,5,801.13,801.13
157,6,971.37,971.37
158,1,0,0
158,2,21.87,21.87
158,3,118.95,118.95
158,4,342.8,342.8
158,5,1363.2,1363.2
158,6,1813.89,1813.89
159,1,0,0
159,2,17.24,17.24
159,3,172.18,172.18
159,4,266.59,266.59
159,5,757.59,757.59
159,6,794.35,794.35
160,1,0,0
160,2,67.14,67.14
160,3,248.45,248.45
160,4,370.21,370.21
160,5,821,821
160,6,988.86,988.86
161,1,0,0
161,2,22.15,22.15
161,3,119.28,119.28
161,4,340.52,340.52
161,5,1328.85,1328.85
161,6,1790.77,1790.77
162,1,0,0
162,2,13,13
162,3,97.81,97.81
162,4,348.58,348.58
162,5,1284.81,1284.81
162,6,2477.58,2477.58
163,1,0,0
163,2,69.32,69.32
163,3,253.43,253.43
163,4,362.71,362.71
163,5,810.43,810.43
163,6,1005.79,1005.79
164,1,0,0
164,2,64.95,64.95
164,3,38,38
164,4,216,216
164,5,810.7,810.7
164,6,1635,1635
165,1,0,0
165,2,45.13,45.13
165,3,133.89,133.89
165,4,151.57,151.57
165,5,474.96,474.96
165,6,641.98,641.98
166,1,0,0
166,2,1,1
166,3,52.41,52.41
166,4,99.86,99.86
166,5,371.91,371.91
166,6,1264.18,1264.18
167,1,0,0
167,2,22.22,22.22
167,3,117.75,117.75
167,4,343.39,343.39
167,5,1334.07,1334.07
167,6,1801.02,1801.02
168,1,0,0
168,2,66.26,66.26
168,3,39.16,39.16
168,4,222.89,222.89
168,5,812.84,812.84
168,6,1618.68,1618.68
169,1,0,0
169,2,564.93,564.93
169,3,2405.03,2405.03
169,4,4841.43,4841.43
169,5,8576.37,8576.37
169,6,10645.5,10645.5
170,1,0,0
170,2,18.21,18.21
170,3,136.88,136.88
170,4,279.55,279.55
170,5,1943.27,1943.27
170,6,1569.7,1569.7
171,1,0,0
171,2,12.78,12.78
171,3,191.59,191.59
171,4,1123.85,1123.85
171,5,4873.89,4873.89
171,6,6549.59,6549.59
172,1,0,0
172,2,13.27,13.27
172,3,197.77,197.77
172,4,1154.5,1154.5
172,5,4961,4961
172,6,6701.54,6701.54
173,1,0,0
173,2,11.6,11.6
173,3,188.36,188.36
173,4,489.88,489.88
173,5,2813.4,2813.4
173,6,4260.84,4260.84
174,1,0,0
174,2,46.13,46.13
174,3,136.07,136.07
174,4,153.44,153.44
174,5,481,481
174,6,645.51,645.51
175,1,0,0
175,2,22.57,22.57
175,3,118.4,118.4
175,4,347.07,347.07
175,5,1347.55,1347.55
175,6,1824.83,1824.83
176,1,0,0
176,2,12.92,12.92
176,3,96.88,96.88
176,4,356.88,356.88
176,5,1305.24,1305.24
176,6,2491.88,2491.88
177,1,0,0
177,2,17.94,17.94
177,3,132.53,132.53
177,4,266.78,266.78
177,5,1918.91,1918.91
177,6,1549.78,1549.78
178,1,0,0
178,2,584.38,584.38
178,3,2486.38,2486.38
178,4,5004.41,5004.41
178,5,8863.45,8863.45
178,6,10973.24,10973.24
179,1,0,0
179,2,71.48,71.48
179,3,234.04,234.04
179,4,336.41,336.41
179,5,801.74,801.74
179,6,1015.37,1015.37
180,1,0,0
180,2,50.19,50.19
180,3,137.56,137.56
180,4,415.26,415.26
180,5,892.74,892.74
180,6,868.3,868.3
181,1,0,0
181,2,49.81,49.81
181,3,140.58,140.58
181,4,414.19,414.19
181,5,876.73,876.73
181,6,856.92,856.92
182,1,0,0
182,2,73.85,73.85
182,3,237.54,237.54
182,4,345.35,345.35
182,5,803.12,803.12
182,6,1008.08,1008.08
183,1,0,0
183,2,46.98,46.98
183,3,136.82,136.82
183,4,151.73,151.73
183,5,488.14,488.14
183,6,657,657
184,1,0,0
184,2,23.25,23.25
184,3,266.5,266.5
184,4,699.6,699.6
184,5,1002.1,1002.1
184,6,1407.95,1407.95
185,1,0,0
185,2,17.68,17.68
185,3,133.19,133.19
185,4,268.97,268.97
185,5,1912.26,1912.26
185,6,1560.16,1560.16
186,1,0,0
186,2,37.77,37.77
186,3,111.53,111.53
186,4,122.23,122.23
186,5,397.91,397.91
186,6,589.33,589.33
187,1,0,0
187,2,10.96,10.96
187,3,185.08,185.08
187,4,479.88,479.88
187,5,2848.29,2848.29
187,6,4360.79,4360.79
188,1,0,0
188,2,1.05,1.05
188,3,54.9,54.9
188,4,103.76,103.76
188,5,385.1,385.1
188,6,1301.43,1301.43
189,1,0,0
189,2,22.7,22.7
189,3,117.75,117.75
189,4,349.68,349.68
189,5,1361.21,1361.21
189,6,1838.42,1838.42
190,1,0,0
190,2,76.68,76.68
190,3,243.8,243.8
190,4,328.28,328.28
190,5,764.08,764.08
190,6,965.16,965.16
191,1,0,0
191,2,1.1,1.1
191,3,50.2,50.2
191,4,101.85,101.85
191,5,374.1,374.1
191,6,1279.95,1279.95
192,1,0,0
192,2,2.36,2.36
192,3,36,36
192,4,63.55,63.55
192,5,198.91,198.91
192,6,298.91,298.91
193,1,0,0
193,2,93.95,93.95
193,3,372.6,372.6
193,4,968.65,968.65
193,5,3459.2,3459.2
193,6,3564.05,3564.05
194,1,0,0
194,2,4.13,4.13
194,3,63.48,63.48
194,4,88.96,88.96
194,5,665.57,665.57
194,6,1245.26,1245.26
195,1,0,0
195,2,50.04,50.04
195,3,145.88,145.88
195,4,428.48,428.48
195,5,902.28,902.28
195,6,883.76,883.76
196,1,0,0
196,2,13.29,13.29
196,3,99.5,99.5
196,4,371.12,371.12
196,5,1352.67,1352.67
196,6,2571.88,2571.88
197,1,0,0
197,2,23.05,23.05
197,3,119.23,119.23
197,4,353.27,353.27
197,5,1377.02,1377.02
197,6,1851.91,1851.91
198,1,0,0
198,2,15.88,15.88
198,3,172.5,172.5
198,4,261.94,261.94
198,5,739.44,739.44
198,6,769.75,769.75
199,1,0,0
199,2,22.8,22.8
199,3,117.31,117.31
199,4,349.05,349.05
199,5,1388.75,1388.75
199,6,1869.15,1869.15
200,1,0,0
200,2,605.11,605.11
200,3,2571.89,2571.89
200,4,5173.07,5173.07
200,5,9122.43,9122.43
200,6,11295.5,11295.5
201,1,0,0
201,2,79.88,79.88
201,3,253.58,253.58
201,4,341.42,341.42
201,5,785.58,785.58
201,6,987.58,987.58
202,1,0,0
202,2,37.24,37.24
202,3,106.55,106.55
202,4,124.02,124.02
202,5,405.62,405.62
202,6,601.57,601.57
203,1,0,0
203,2,17.13,17.13
203,3,134.5,134.5
203,4,272.77,272.77
203,5,1918.2,1918.2
203,6,1578.77,1578.77
204,1,0,0
204,2,11.43,11.43
204,3,193.09,193.09
204,4,493.35,493.35
204,5,2923.09,2923.09
204,6,4493.3,4493.3
205,1,0,0
205,2,2,2
205,3,37.3,37.3
205,4,67.3,67.3
205,5,201.9,201.9
205,6,303.4,303.4
206,1,0,0
206,2,2,2
206,3,150,150
206,4,159.4,159.4
206,5,662,662
206,6,1273.4,1273.4
207,1,0,0
207,2,2.22,2.22
207,3,161.33,161.33
207,4,174.56,174.56
207,5,725.44,725.44
207,6,1388.67,1388.67
208,1,0,0
208,2,0,0
208,3,12,12
208,4,9.67,9.67
208,5,18,18
208,6,28.67,28.67
209,1,0,0
209,2,23.2,23.2
209,3,118.78,118.78
209,4,351.15,351.15
209,5,1395.83,1395.83
209,6,1887.56,1887.56
210,1,0,0
210,2,0,0
210,3,0,0
210,4,0,0
210,5,0,0
210,6,0,0
211,1,0,0
211,2,627.44,627.44
211,3,2665.59,2665.59
211,4,5360.3,5360.3
211,5,9436.81,9436.81
211,6,11610.7,11610.7
212,1,0,0
212,2,0,0
212,3,1.17,1.17
212,4,9.52,9.52
212,5,76.3,76.3
212,6,101.52,101.52
213,1,0,0
213,2,24.32,24.32
213,3,278.32,278.32
213,4,734.16,734.16
213,5,1049,1049
213,6,1475.95,1475.95
214,1,0,0
214,2,4.32,4.32
214,3,64.91,64.91
214,4,89.09,89.09
214,5,680.68,680.68
214,6,1282.23,1282.23
215,1,0,0
215,2,59.61,59.61
215,3,156.65,156.65
215,4,1309.03,1309.03
215,5,3688.48,3688.48
215,6,3253.65,3253.65
216,1,0,0
216,2,38.15,38.15
216,3,108.12,108.12
216,4,126.39,126.39
216,5,407.37,407.37
216,6,609.12,609.12
217,1,0,0
217,2,39.1,39.1
217,3,110.2,110.2
217,4,128.43,128.43
217,5,413.45,413.45
217,6,617.65,617.65
218,1,0,0
218,2,51.96,51.96
218,3,151.04,151.04
218,4,444.67,444.67
218,5,935.04,935.04
218,6,913.79,913.79
219,1,0,0
219,2,11.68,11.68
219,3,196.05,196.05
219,4,504.36,504.36
219,5,2955.82,2955.82
219,6,4597.09,4597.09
220,1,0,0
220,2,12.24,12.24
220,3,204.48,204.48
220,4,522.43,522.43
220,5,3021.95,3021.95
220,6,4661,4661
221,1,0,0
221,2,12.55,12.55
221,3,212.9,212.9
221,4,545.55,545.55
221,5,3118.8,3118.8
221,6,4770.55,4770.55
222,1,0,0
222,2,23.49,23.49
222,3,119.75,119.75
222,4,357.23,357.23
222,5,1417.79,1417.79
222,6,1914.98,1914.98
223,1,0,0
223,2,75.73,75.73
223,3,168.18,168.18
223,4,1520.36,1520.36
223,5,16113.18,16113.18
223,6,18239.27,18239.27
224,1,0,0
224,2,77.22,77.22
224,3,262.13,262.13
224,4,355.57,355.57
224,5,809.87,809.87
224,6,1006.3,1006.3
225,1,0,0
225,2,80.14,80.14
225,3,267.09,267.09
225,4,362.41,362.41
225,5,830.86,830.86
225,6,1035.77,1035.77
226,1,0,0
226,2,61.43,61.43
226,3,160.97,160.97
226,4,1316.4,1316.4
226,5,3610.27,3610.27
226,6,2991.63,2991.63
227,1,0,0
227,2,98.89,98.89
227,3,379.26,379.26
227,4,1013.84,1013.84
227,5,3583.63,3583.63
227,6,3636.74,3636.74
228,1,0,0
228,2,50.24,50.24
228,3,162.76,162.76
228,4,1327.14,1327.14
228,5,3603.1,3603.1
228,6,2807.72,2807.72
229,1,0,0
229,2,13.78,13.78
229,3,94.43,94.43
229,4,353.39,353.39
229,5,1312.35,1312.35
229,6,2389.57,2389.57
230,1,0,0
230,2,0,0
230,3,1,1
230,4,138,138
230,5,321.5,321.5
230,6,208,208
231,1,0,0
231,2,53.52,53.52
231,3,156.39,156.39
231,4,460.17,460.17
231,5,946.91,946.91
231,6,932.83,932.83
232,1,0,0
232,2,1.16,1.16
232,3,52.84,52.84
232,4,104.53,104.53
232,5,388.11,388.11
232,6,1330,1330
233,1,0,0
233,2,104.39,104.39
233,3,396.78,396.78
233,4,1055.28,1055.28
233,5,3695.61,3695.61
233,6,3720.28,3720.28
234,1,0,0
234,2,12.42,12.42
234,3,213.32,213.32
234,4,469.58,469.58
234,5,3000.37,3000.37
234,6,4652.74,4652.74
235,1,0,0
235,2,0,0
235,3,0,0
235,4,25,0
235,5,108,0
235,6,115,0
236,1,0,0
236,2,40.1,40.1
236,3,112.33,112.33
236,4,130.95,130.95
236,5,416.1,416.1
236,6,623.36,623.36
237,1,0,0
237,2,55.91,55.91
237,3,163.41,163.41
237,4,480.95,480.95
237,5,988.91,988.91
237,6,973.32,973.32
238,1,0,0
238,2,17.17,17.17
238,3,134.79,134.79
238,4,273.21,273.21
238,5,1951.55,1951.55
238,6,1594.66,1594.66
239,1,0,0
239,2,110.35,110.35
239,3,409.71,409.71
239,4,1076.88,1076.88
239,5,3779,3779
239,6,3802.35,3802.35
240,1,0,0
240,2,41.16,41.16
240,3,114.76,114.76
240,4,133.26,133.26
240,5,420.24,420.24
240,6,627.71,627.71
241,1,0,0
241,2,83.62,83.62
241,3,277.52,277.52
241,4,373.19,373.19
241,5,863.14,863.14
241,6,1071.38,1071.38
242,1,0,0
242,2,8.5,8.5
242,3,217.5,217.5
242,4,478.28,478.28
242,5,2983.61,2983.61
242,6,4514.61,4514.61
243,1,0,0
243,2,1.5,1.5
243,3,129.88,129.88
243,4,143.62,143.62
243,5,655.75,655.75
243,6,1188.88,1188.88
244,1,0,0
244,2,0,0
244,3,0,0
244,4,0,0
244,5,0,0
244,6,0,0
245,1,0,0
245,2,14.36,14.36
245,3,96.95,96.95
245,4,368.27,368.27
245,5,1370.41,1370.41
245,6,2491.59,2491.59
246,1,0,0
246,2,4.43,4.43
246,3,67.71,67.71
246,4,90.71,90.71
246,5,684.76,684.76
246,6,1306.52,1306.52
247,1,0,0
247,2,23.88,23.88
247,3,119.38,119.38
247,4,359.6,359.6
247,5,1413.06,1413.06
247,6,1908.92,1908.92
248,1,0,0
248,2,58,58
248,3,171.05,171.05
248,4,503.19,503.19
248,5,1032.86,1032.86
248,6,1008.33,1008.33
249,1,0,0
249,2,41.38,41.38
249,3,115.27,115.27
249,4,134,134
249,5,425.08,425.08
249,6,636.68,636.68
250,1,0,0
250,2,0.29,0.29
250,3,107,107
250,4,149.14,149.14
250,5,560.57,560.57
250,6,1052.14,1052.14
251,1,0,0
251,2,1.22,1.22
251,3,55.39,55.39
251,4,110.11,110.11
251,5,406.72,406.72
251,6,1375.56,1375.56
252,1,0,0
252,2,4.55,4.55
252,3,65.6,65.6
252,4,86.8,86.8
252,5,675.3,675.3
252,6,1262.6,1262.6
253,1,0,0
253,2,41.06,41.06
253,3,117.28,117.28
253,4,135.94,135.94
253,5,428.19,428.19
253,6,640.17,640.17
254,1,0,0
254,2,51.86,51.86
254,3,167.93,167.93
254,4,1366.79,1366.79
254,5,3708.04,3708.04
254,6,2889.61,2889.61
255,1,0,0
255,2,8.29,8.29
255,3,226.18,226.18
255,4,447.76,447.76
255,5,2846.53,2846.53
255,6,4408.59,4408.59
256,1,0,0
256,2,15.05,15.05
256,3,99.62,99.62
256,4,383.29,383.29
256,5,1407.76,1407.76
256,6,2550.33,2550.33
257,1,0,0
257,2,86.85,86.85
257,3,287.8,287.8
257,4,354.8,354.8
257,5,872.35,872.35
257,6,1083.85,1083.85
258,1,0,0
258,2,649.81,649.81
258,3,2757.27,2757.27
258,4,5521.69,5521.69
258,5,9693.77,9693.77
258,6,11868.46,11868.46
259,1,0,0
259,2,0,0
259,3,11.7,11.7
259,4,45.2,45.2
259,5,90.7,90.7
259,6,74.4,74.4
260,1,0,0
260,2,52.63,52.63
260,3,170.93,170.93
260,4,1395.59,1395.59
260,5,3718.81,3718.81
260,6,2887.37,2887.37
261,1,0,0
261,2,42.2,42.2
261,3,119.86,119.86
261,4,139.77,139.77
261,5,439.63,439.63
261,6,654.86,654.86
262,1,0,0
262,2,0,0
262,3,0,0
262,4,0,0
262,5,0,0
262,6,0,0
263,1,0,0
263,2,16.93,16.93
263,3,180.73,180.73
263,4,274.13,274.13
263,5,776.13,776.13
263,6,809.33,809.33
264,1,0,0
264,2,4.68,4.68
264,3,68.95,68.95
264,4,90.63,90.63
264,5,701.32,701.32
264,6,1301.74,1301.74
265,1,0,0
265,2,91.05,91.05
265,3,283.37,283.37
265,4,368,368
265,5,904.63,904.63
265,6,1119.95,1119.95
266,1,0,0
266,2,0.76,0.76
266,3,56.35,56.35
266,4,107.47,107.47
266,5,373,373
266,6,1263.35,1263.35
267,1,0,0
267,2,17.43,17.43
267,3,135.14,135.14
267,4,276,276
267,5,1937.71,1937.71
267,6,1553.25,1553.25
268,1,0,0
268,2,0.1,0.1
268,3,3,3
268,4,13.2,13.2
268,5,96.6,96.6
268,6,167.3,167.3
269,1,0,0
269,2,82.1,82.1
269,3,159.2,159.2
269,4,1439.1,1439.1
269,5,14557.7,14557.7
269,6,16923.8,16923.8
270,1,0,0
270,2,0.11,0.11
270,3,3.33,3.33
270,4,14.56,14.56
270,5,105.22,105.22
270,6,181.89,181.89
271,1,0,0
271,2,0,0
271,3,1.23,1.23
271,4,9.95,9.95
271,5,74.05,74.05
271,6,101.55,101.55
272,1,0,0
272,2,0,0
272,3,2.25,2.25
272,4,2.5,2.5
272,5,33.5,33.5
272,6,70.12,70.12
273,1,0,0
273,2,0,0
273,3,0.86,0.86
273,4,10.38,10.38
273,5,70.67,70.67
273,6,98.52,98.52
274,1,0,0
274,2,4.83,4.83
274,3,60.17,60.17
274,4,71.39,71.39
274,5,602.61,602.61
274,6,1077.5,1077.5
275,1,0,0
275,2,5.33,5.33
275,3,133.83,133.83
275,4,384.33,384.33
275,5,2039.58,2039.58
275,6,3349.67,3349.67
276,1,0,0
276,2,54.65,54.65
276,3,177.42,177.42
276,4,1437.08,1437.08
276,5,3833.92,3833.92
276,6,2897.92,2897.92
277,1,0,0
277,2,24.2,24.2
277,3,120.75,120.75
277,4,364.49,364.49
277,5,1433.59,1433.59
277,6,1936.24,1936.24
278,1,0,0
278,2,24.68,24.68
278,3,121.14,121.14
278,4,366.16,366.16
278,5,1448.58,1448.58
278,6,1948.24,1948.24
279,1,0,0
279,2,21.56,21.56
279,3,245.61,245.61
279,4,528.61,528.61
279,5,830.39,830.39
279,6,1379.17,1379.17
280,1,0,0
280,2,67.56,67.56
280,3,39.11,39.11
280,4,231.56,231.56
280,5,842.61,842.61
280,6,1652.06,1652.06
281,1,0,0
281,2,25.02,25.02
281,3,122.51,122.51
281,4,369.82,369.82
281,5,1469.06,1469.06
281,6,1972.24,1972.24
282,1,0,0
282,2,22.47,22.47
282,3,256.94,256.94
282,4,554.59,554.59
282,5,859.41,859.41
282,6,1422.71,1422.71
283,1,0,0
283,2,68.35,68.35
283,3,40.41,40.41
283,4,240.88,240.88
283,5,869.76,869.76
283,6,1710.06,1710.06
284,1,0,0
284,2,25.42,25.42
284,3,123.31,123.31
284,4,375.04,375.04
284,5,1487.46,1487.46
284,6,1999.52,1999.52
285,1,0,0
285,2,70.06,70.06
285,3,42.38,42.38
285,4,252.5,252.5
285,5,906.69,906.69
285,6,1773.56,1773.56
286,1,0,0
286,2,71.87,71.87
286,3,45,45
286,4,262,262
286,5,932.07,932.07
286,6,1802.47,1802.47
287,1,0,0
287,2,23.6,23.6
287,3,122.43,122.43
287,4,379.06,379.06
287,5,1510.85,1510.85
287,6,2024.85,2024.85
288,1,0,0
288,2,8.56,8.56
288,3,237.75,237.75
288,4,459.06,459.06
288,5,2894.25,2894.25
288,6,4440.12,4440.12
289,1,0,0
289,2,675.8,675.8
289,3,2865.64,2865.64
289,4,5739.88,5739.88
289,5,10068.4,10068.4
289,6,12324.16,12324.16
290,1,0,0
290,2,15.8,15.8
290,3,100.4,100.4
290,4,376,376
290,5,1406.8,1406.8
290,6,2631.85,2631.85
291,1,0,0
291,2,17.5,17.5
291,3,191.07,191.07
291,4,283.57,283.57
291,5,793.5,793.5
291,6,800.21,800.21
292,1,0,0
292,2,55.05,55.05
292,3,164.2,164.2
292,4,506.2,506.2
292,5,1039.5,1039.5
292,6,1017.3,1017.3
293,1,0,0
293,2,96.11,96.11
293,3,298.06,298.06
293,4,385.5,385.5
293,5,937.17,937.17
293,6,1164.28,1164.28
294,1,0,0
294,2,5.58,5.58
294,3,82.11,82.11
294,4,227.05,227.05
294,5,983.42,983.42
294,6,2495.16,2495.16
295,1,0,0
295,2,3.94,3.94
295,3,59.88,59.88
295,4,72.24,72.24
295,5,606.94,606.94
295,6,1105.24,1105.24
296,1,0,0
296,2,0.81,0.81
296,3,59.25,59.25
296,4,111.75,111.75
296,5,391.62,391.62
296,6,1322.38,1322.38
297,1,0,0
297,2,21.24,21.24
297,3,111.72,111.72
297,4,331.96,331.96
297,5,1485.2,1485.2
297,6,2012.67,2012.67
298,1,0,0
298,2,18,18
298,3,135.63,135.63
298,4,276.04,276.04
298,5,1908.3,1908.3
298,6,1546.56,1546.56
299,1,0,0
299,2,19.67,19.67
299,3,104.62,104.62
299,4,282.11,282.11
299,5,1454.84,1454.84
299,6,1989.27,1989.27
300,1,0,0
300,2,20.02,20.02
300,3,103.39,103.39
300,4,283.43,283.43
300,5,1457.23,1457.23
300,6,2004.09,2004.09
301,1,0,0
301,2,57.16,57.16
301,3,171.21,171.21
301,4,528.47,528.47
301,5,1069.32,1069.32
301,6,1047.47,1047.47
302,1,0,0
302,2,3.88,3.88
302,3,60.75,60.75
302,4,72.44,72.44
302,5,586.56,586.56
302,6,1094.44,1094.44
303,1,0,0
303,2,0,0
303,3,0,0
303,4,0,0
303,5,0,0
303,6,0,0
304,1,0,0
304,2,4.07,4.07
304,3,64.8,64.8
304,4,75.93,75.93
304,5,587.87,587.87
304,6,1145.53,1145.53
305,1,0,0
305,2,0.17,0.17
305,3,108.67,108.67
305,4,141,141
305,5,530.33,530.33
305,6,1109.33,1109.33
306,1,0,0
306,2,20.02,20.02
306,3,103.72,103.72
306,4,287.19,287.19
306,5,1467.49,1467.49
306,6,2014.91,2014.91
307,1,0,0
307,2,703.96,703.96
307,3,2982.25,2982.25
307,4,5973.12,5973.12
307,5,10469.42,10469.42
307,6,12776.04,12776.04
308,1,0,0
308,2,18.23,18.23
308,3,135.88,135.88
308,4,275.27,275.27
308,5,1934.69,1934.69
308,6,1556.38,1556.38
309,1,0,0
309,2,20.36,20.36
309,3,102.76,102.76
309,4,281.69,281.69
309,5,1425.12,1425.12
309,6,1904.76,1904.76
310,1,0,0
310,2,4.36,4.36
310,3,63.14,63.14
310,4,78.36,78.36
310,5,606.14,606.14
310,6,1188.07,1188.07
311,1,0,0
311,2,43.41,43.41
311,3,123.12,123.12
311,4,143.24,143.24
311,5,450.38,450.38
311,6,666.29,666.29
312,1,0,0
312,2,70.67,70.67
312,3,154.67,154.67
312,4,1330.11,1330.11
312,5,13948.89,13948.89
312,6,16984.67,16984.67
313,1,0,0
313,2,68.43,68.43
313,3,45,45
313,4,272,272
313,5,952.93,952.93
313,6,1800.57,1800.57
314,1,0,0
314,2,16.69,16.69
314,3,100.75,100.75
314,4,343.12,343.12
314,5,726,726
314,6,1313.19,1313.19
315,1,0,0
315,2,43.91,43.91
315,3,120.24,120.24
315,4,127.67,127.67
315,5,398.64,398.64
315,6,591.03,591.03
316,1,0,0
316,2,1.78,1.78
316,3,27.56,27.56
316,4,59.11,59.11
316,5,213.44,213.44
316,6,307.11,307.11
317,1,0,0
317,2,20.83,20.83
317,3,104.32,104.32
317,4,286.9,286.9
317,5,1452.93,1452.93
317,6,1943.76,1943.76
318,1,0,0
318,2,101.71,101.71
318,3,314.29,314.29
318,4,402.59,402.59
318,5,984.88,984.88
318,6,1221.71,1221.71
319,1,0,0
319,2,20.48,20.48
319,3,103.15,103.15
319,4,276.9,276.9
319,5,1476.33,1476.33
319,6,1981.2,1981.2
320,1,0,0
320,2,45.19,45.19
320,3,123.84,123.84
320,4,129.53,129.53
320,5,406.19,406.19
320,6,601.41,601.41
321,1,0,0
321,2,20.95,20.95
321,3,102.23,102.23
321,4,279.87,279.87
321,5,1482.59,1482.59
321,6,1998.56,1998.56
322,1,0,0
322,2,1.71,1.71
322,3,120.86,120.86
322,4,140.57,140.57
322,5,454.14,454.14
322,6,930.14,930.14
323,1,0,0
323,2,8.53,8.53
323,3,239.2,239.2
323,4,459,459
323,5,2883,2883
323,6,4336.53,4336.53
324,1,0,0
324,2,21.11,21.11
324,3,103.95,103.95
324,4,283.32,283.32
324,5,1517.84,1517.84
324,6,2042.13,2042.13
325,1,0,0
325,2,8.93,8.93
325,3,254.93,254.93
325,4,471.86,471.86
325,5,2972.86,2972.86
325,6,4421.21,4421.21
326,1,0,0
326,2,4.15,4.15
326,3,58.62,58.62
326,4,74.85,74.85
326,5,601.92,601.92
326,6,1189.77,1189.77
327,1,0,0
327,2,732.26,732.26
327,3,3104.3,3104.3
327,4,6228.26,6228.26
327,5,10903.13,10903.13
327,6,13293.43,13293.43
328,1,0,0
328,2,17.8,17.8
328,3,100.4,100.4
328,4,343.27,343.27
328,5,725.8,725.8
328,6,1291.8,1291.8
329,1,0,0
329,2,109.62,109.62
329,3,401.06,401.06
329,4,1091.31,1091.31
329,5,3810.06,3810.06
329,6,3818.19,3818.19
330,1,0,0
330,2,46.48,46.48
330,3,127.84,127.84
330,4,133.23,133.23
330,5,411.29,411.29
330,6,610.48,610.48
331,1,0,0
331,2,67.15,67.15
331,3,45,45
331,4,288.38,288.38
331,5,984.77,984.77
331,6,1851.77,1851.77
332,1,0,0
332,2,89.93,89.93
332,3,352.07,352.07
332,4,1008.6,1008.6
332,5,3654.2,3654.2
332,6,3806.93,3806.93
333,1,0,0
333,2,5.45,5.45
333,3,143.18,143.18
333,4,405.36,405.36
333,5,2145.18,2145.18
333,6,3583.64,3583.64
334,1,0,0
334,2,17,17
334,3,69.93,69.93
334,4,94.73,94.73
334,5,303.67,303.67
334,6,450.33,450.33
335,1,0,0
335,2,14.55,14.55
335,3,67.14,67.14
335,4,89.59,89.59
335,5,265.97,265.97
335,6,369.34,369.34
336,1,0,0
336,2,5.61,5.61
336,3,79.72,79.72
336,4,225,225
336,5,1009.5,1009.5
336,6,2560.94,2560.94
337,1,0,0
337,2,74.69,74.69
337,3,262.94,262.94
337,4,338.19,338.19
337,5,872.12,872.12
337,6,941.44,941.44
338,1,0,0
338,2,79.2,79.2
338,3,277.93,277.93
338,4,358.13,358.13
338,5,920.6,920.6
338,6,990.27,990.27
339,1,0,0
339,2,2.82,2.82
339,3,69.24,69.24
339,4,204.88,204.88
339,5,1024.59,1024.59
339,6,2552.65,2552.65
340,1,0,0
340,2,62.75,62.75
340,3,38.67,38.67
340,4,237.08,237.08
340,5,894.08,894.08
340,6,1645.92,1645.92
341,1,0,0
341,2,20.7,20.7
341,3,105.32,105.32
341,4,287.76,287.76
341,5,1542.05,1542.05
341,6,2079.59,2079.59
342,1,0,0
342,2,757.05,757.05
342,3,3184.77,3184.77
342,4,6317.27,6317.27
342,5,10964.45,10964.45
342,6,13199.23,13199.23
343,1,0,0
343,2,792.43,792.43
343,3,3325.29,3325.29
343,4,6583.19,6583.19
343,5,11405.95,11405.95
343,6,13720.76,13720.76
344,1,0,0
344,2,81.86,81.86
344,3,287.57,287.57
344,4,355.21,355.21
344,5,938.07,938.07
344,6,1052.79,1052.79
345,1,0,0
345,2,96.43,96.43
345,3,365.71,365.71
345,4,1052.14,1052.14
345,5,3820.57,3820.57
345,6,3919.86,3919.86
346,1,0,0
346,2,17.92,17.92
346,3,188.62,188.62
346,4,287.92,287.92
346,5,762.46,762.46
346,6,614.31,614.31
347,1,0,0
347,2,58.56,58.56
347,3,178.5,178.5
347,4,542.5,542.5
347,5,1081.94,1081.94
347,6,989.78,989.78
348,1,0,0
348,2,4.33,4.33
348,3,61.33,61.33
348,4,80.83,80.83
348,5,641.58,641.58
348,6,1260.58,1260.58
349,1,0,0
349,2,18.92,18.92
349,3,139.32,139.32
349,4,281.4,281.4
349,5,1971.84,1971.84
349,6,1597.68,1597.68
350,1,0,0
350,2,0.87,0.87
350,3,55.07,55.07
350,4,107.53,107.53
350,5,400.47,400.47
350,6,1342.67,1342.67
351,1,0,0
351,2,0.93,0.93
351,3,53.07,53.07
351,4,107.57,107.57
351,5,422.86,422.86
351,6,1418.43,1418.43
352,1,0,0
352,2,21.08,21.08
352,3,97.61,97.61
352,4,287.22,287.22
352,5,1525.78,1525.78
352,6,2106.81,2106.81
353,1,0,0
353,2,18.88,18.88
353,3,138.21,138.21
353,4,287.29,287.29
353,5,2008.62,2008.62
353,6,1620.17,1620.17
354,1,0,0
354,2,15,15
354,3,69.11,69.11
354,4,91.68,91.68
354,5,268.61,268.61
354,6,364.5,364.5
355,1,0,0
355,2,13.07,13.07
355,3,105.07,105.07
355,4,341.57,341.57
355,5,746.64,746.64
355,6,1349.14,1349.14
356,1,0,0
356,2,86.85,86.85
356,3,287.15,287.15
356,4,379.46,379.46
356,5,975.54,975.54
356,6,1058.92,1058.92
357,1,0,0
357,2,20.83,20.83
357,3,99.29,99.29
357,4,281.26,281.26
357,5,1504.37,1504.37
357,6,2112.03,2112.03
358,1,0,0
358,2,103.62,103.62
358,3,393.23,393.23
358,4,1132,1132
358,5,4108.77,4108.77
358,6,4206.69,4206.69
359,1,0,0
359,2,2.88,2.88
359,3,72.75,72.75
359,4,208.31,208.31
359,5,1069.75,1069.75
359,6,2642.38,2642.38
360,1,0,0
360,2,93.67,93.67
360,3,298.17,298.17
360,4,390.08,390.08
360,5,1035.25,1035.25
360,6,1112.33,1112.33
361,1,0,0
361,2,12.85,12.85
361,3,109.23,109.23
361,4,361.62,361.62
361,5,787.62,787.62
361,6,1417.62,1417.62
362,1,0,0
362,2,51.73,51.73
362,3,220.09,220.09
362,4,267.09,267.09
362,5,729.18,729.18
362,6,769.36,769.36
363,1,0,0
363,2,61.76,61.76
363,3,186.76,186.76
363,4,558.53,558.53
363,5,1092.18,1092.18
363,6,1007.65,1007.65
364,1,0,0
364,2,0.54,0.54
364,3,51.23,51.23
364,4,113.62,113.62
364,5,446.31,446.31
364,6,1502.31,1502.31
365,1,0,0
365,2,18.87,18.87
365,3,139.83,139.83
365,4,295.96,295.96
365,5,2071.87,2071.87
365,6,1665.17,1665.17
366,1,0,0
366,2,13.83,13.83
366,3,113.83,113.83
366,4,385.08,385.08
366,5,833.08,833.08
366,6,1452.33,1452.33
367,1,0,0
367,2,6.31,6.31
367,3,218,218
367,4,409.15,409.15
367,5,2771.54,2771.54
367,6,4372.69,4372.69
368,1,0,0
368,2,3.07,3.07
368,3,75.2,75.2
368,4,219.2,219.2
368,5,1110.4,1110.4
368,6,2751.2,2751.2
369,1,0,0
369,2,112.25,112.25
369,3,423.33,423.33
369,4,1224.83,1224.83
369,5,4440.25,4440.25
369,6,4528.75,4528.75
370,1,0,0
370,2,54.8,54.8
370,3,174.04,174.04
370,4,1435.68,1435.68
370,5,3873.36,3873.36
370,6,2928.24,2928.24
371,1,0,0
371,2,0,0
371,3,0.9,0.9
371,4,10.9,10.9
371,5,74.15,74.15
371,6,103.35,103.35
372,1,0,0
372,2,51.29,51.29
372,3,160.75,160.75
372,4,1372.33,1372.33
372,5,3665.42,3665.42
372,6,2814.62,2814.62
373,1,0,0
373,2,3.29,3.29
373,3,76.86,76.86
373,4,224.79,224.79
373,5,1136.93,1136.93
373,6,2845.29,2845.29
374,1,0,0
374,2,0.5,0.5
374,3,17.12,17.12
374,4,43.88,43.88
374,5,211.38,211.38
374,6,284,284
375,1,0,0
375,2,21.03,21.03
375,3,98.97,98.97
375,4,283.71,283.71
375,5,1523.24,1523.24
375,6,2157,2157
376,1,0,0
376,2,5.4,5.4
376,3,140.7,140.7
376,4,403.6,403.6
376,5,2252.7,2252.7
376,6,3697.4,3697.4
377,1,0,0
377,2,21.55,21.55
377,3,100.79,100.79
377,4,291.24,291.24
377,5,1556.82,1556.82
377,6,2198.21,2198.21
378,1,0,0
378,2,17.91,17.91
378,3,93.69,93.69
378,4,266.03,266.03
378,5,1383.53,1383.53
378,6,2022.56,2022.56
379,1,0,0
379,2,53.04,53.04
379,3,164.17,164.17
379,4,1379.96,1379.96
379,5,3588.26,3588.26
379,6,2791.22,2791.22
380,1,0,0
380,2,66.27,66.27
380,3,40.91,40.91
380,4,250.73,250.73
380,5,944.45,944.45
380,6,1704.09,1704.09
381,1,0,0
381,2,2,2
381,3,74,74
381,4,568.5,568.5
381,5,1909.5,1909.5
381,6,4708.5,4708.5
382,1,0,0
382,2,56.5,56.5
382,3,239.2,239.2
382,4,283.4,283.4
382,5,774.1,774.1
382,6,825.1,825.1
383,1,0,0
383,2,19,0
383,3,82,0
383,4,245,0
383,5,478,0
383,6,846,0
384,1,0,0
384,2,14.27,14.27
384,3,114.18,114.18
384,4,384.27,384.27
384,5,831.27,831.27
384,6,1371.55,1371.55
385,1,0,0
385,2,54.91,54.91
385,3,170.05,170.05
385,4,1437.55,1437.55
385,5,3721.95,3721.95
385,6,2874.73,2874.73
386,1,0,0
386,2,5.11,5.11
386,3,137.44,137.44
386,4,416.44,416.44
386,5,2247.89,2247.89
386,6,3780.22,3780.22
387,1,0,0
387,2,18.35,18.35
387,3,95.94,95.94
387,4,270.16,270.16
387,5,1416.16,1416.16
387,6,2073.52,2073.52
388,1,0,0
388,2,18.08,18.08
388,3,193.33,193.33
388,4,299.33,299.33
388,5,800,800
388,6,629.92,629.92
389,1,0,0
389,2,19.18,19.18
389,3,137.32,137.32
389,4,298.14,298.14
389,5,2063.45,2063.45
389,6,1645.36,1645.36
390,1,0,0
390,2,15.56,15.56
390,3,71.52,71.52
390,4,94.11,94.11
390,5,269.85,269.85
390,6,368.19,368.19
391,1,0,0
391,2,18.87,18.87
391,3,97.53,97.53
391,4,274.8,274.8
391,5,1452.87,1452.87
391,6,2124.6,2124.6
392,1,0,0
392,2,3,3
392,3,70.31,70.31
392,4,232.31,232.31
392,5,1193.85,1193.85
392,6,2954.31,2954.31
393,1,0,0
393,2,2.92,2.92
393,3,71.58,71.58
393,4,232,232
393,5,1229.08,1229.08
393,6,3097.5,3097.5
394,1,0,0
394,2,18.67,18.67
394,3,131.57,131.57
394,4,305.95,305.95
394,5,2101.57,2101.57
394,6,1691.95,1691.95
395,1,0,0
395,2,14.46,14.46
395,3,66.73,66.73
395,4,92.88,92.88
395,5,268,268
395,6,371.35,371.35
396,1,0,0
396,2,13.68,13.68
396,3,64.72,64.72
396,4,90.08,90.08
396,5,255.56,255.56
396,6,352.16,352.16
397,1,0,0
397,2,63.94,63.94
397,3,193.5,193.5
397,4,581.12,581.12
397,5,1132.56,1132.56
397,6,1054.06,1054.06
398,1,0,0
398,2,2.82,2.82
398,3,54,54
398,4,162.91,162.91
398,5,834.09,834.09
398,6,2130.27,2130.27
399,1,0,0
399,2,0.2,0.2
399,3,124.8,124.8
399,4,134.2,134.2
399,5,564,564
399,6,1219.2,1219.2
400,1,0,0
400,2,4.73,4.73
400,3,65.45,65.45
400,4,86.55,86.55
400,5,670.45,670.45
400,6,1327.09,1327.09
401,1,0,0
401,2,0.57,0.57
401,3,19.29,19.29
401,4,45.43,45.43
401,5,239.71,239.71
401,6,316.71,316.71
402,1,0,0
402,2,0,0
402,3,12.56,12.56
402,4,50.22,50.22
402,5,100.78,100.78
402,6,81.44,81.44
403,1,0,0
403,2,19.15,19.15
403,3,132.7,132.7
403,4,315.7,315.7
403,5,2159.35,2159.35
403,6,1719.15,1719.15
404,1,0,0
404,2,19.73,19.73
404,3,209,209
404,4,324.36,324.36
404,5,861.45,861.45
404,6,672.18,672.18
405,1,0,0
405,2,6.83,6.83
405,3,236,236
405,4,430.5,430.5
405,5,2953.67,2953.67
405,6,4660.25,4660.25
406,1,0,0
406,2,4.8,4.8
406,3,63.2,63.2
406,4,76.9,76.9
406,5,690.3,690.3
406,6,1361.4,1361.4
407,1,0,0
407,2,0,0
407,3,12.62,12.62
407,4,47.75,47.75
407,5,43.88,43.88
407,6,15.5,15.5
408,1,0,0
408,2,7,7
408,3,254.55,254.55
408,4,447.09,447.09
408,5,3061,3061
408,6,4915.55,4915.55
409,1,0,0
409,2,0,0
409,3,12.2,12.2
409,4,11.4,11.4
409,5,12.2,12.2
409,6,10,10
410,1,0,0
410,2,831.45,831.45
410,3,3458.6,3458.6
410,4,6890.25,6890.25
410,5,11505.3,11505.3
410,6,13671.5,13671.5
411,1,0,0
411,2,36.82,36.82
411,3,259.09,259.09
411,4,767.82,767.82
411,5,3064.18,3064.18
411,6,3726.09,3726.09
412,1,0,0
412,2,5,5
412,3,139,139
412,4,424.62,424.62
412,5,2310,2310
412,6,3917,3917
413,1,0,0
413,2,0.58,0.58
413,3,55.42,55.42
413,4,122.75,122.75
413,5,469.42,469.42
413,6,1605.75,1605.75
414,1,0,0
414,2,7.7,7.7
414,3,278.7,278.7
414,4,471.7,471.7
414,5,3128.6,3128.6
414,6,4911.7,4911.7
415,1,0,0
415,2,3,3
415,3,57.8,57.8
415,4,167,167
415,5,799.8,799.8
415,6,2076.8,2076.8
416,1,0,0
416,2,0.64,0.64
416,3,46.73,46.73
416,4,119.09,119.09
416,5,502.55,502.55
416,6,1702.64,1702.64
417,1,0,0
417,2,0.7,0.7
417,3,46.8,46.8
417,4,128,128
417,5,545.4,545.4
417,6,1833.7,1833.7
418,1,0,0
418,2,50.44,50.44
418,3,235.56,235.56
418,4,285.56,285.56
418,5,608.22,608.22
418,6,574.67,574.67
419,1,0,0
419,2,4.57,4.57
419,3,149.43,149.43
419,4,451,451
419,5,2441.43,2441.43
419,6,4053.29,4053.29
420,1,0,0
420,2,5.17,5.17
420,3,155.67,155.67
420,4,481.83,481.83
420,5,2487.67,2487.67
420,6,4077,4077
421,1,0,0
421,2,0,0
421,3,0.95,0.95
421,4,11.47,11.47
421,5,78.05,78.05
421,6,108.58,108.58
422,1,0,0
422,2,58,58
422,3,137.62,137.62
422,4,1263.38,1263.38
422,5,14658,14658
422,6,18202.12,18202.12
423,1,0,0
423,2,56.57,56.57
423,3,177.29,177.29
423,4,1495.76,1495.76
423,5,3838.71,3838.71
423,6,2966.14,2966.14
424,1,0,0
424,2,15.1,15.1
424,3,179.9,179.9
424,4,314,314
424,5,883.4,883.4
424,6,705,705
425,1,0,0
425,2,0.67,0.67
425,3,21.83,21.83
425,4,52.33,52.33
425,5,263.67,263.67
425,6,338.33,338.33
426,1,0,0
426,2,12.78,12.78
426,3,166.89,166.89
426,4,305.44,305.44
426,5,922.11,922.11
426,6,674.11,674.11
427,1,0,0
427,2,21.71,21.71
427,3,117.14,117.14
427,4,1082,1082
427,5,13031,13031
427,6,18151.86,18151.86
428,1,0,0
428,2,15.6,15.6
428,3,119.6,119.6
428,4,409.2,409.2
428,5,857.3,857.3
428,6,1363.2,1363.2
429,1,0,0
429,2,0,0
429,3,1,1
429,4,12.11,12.11
429,5,82.39,82.39
429,6,114.22,114.22
430,1,0,0
430,2,19.45,19.45
430,3,99,99
430,4,277.48,277.48
430,5,1462.41,1462.41
430,6,2124.28,2124.28
431,1,0,0
431,2,67.67,67.67
431,3,201.47,201.47
431,4,609.4,609.4
431,5,1172.27,1172.27
431,6,1082.93,1082.93
432,1,0,0
432,2,0.8,0.8
432,3,26.2,26.2
432,4,62,62
432,5,316.4,316.4
432,6,405.2,405.2
433,1,0,0
433,2,20.11,20.11
433,3,99.79,99.79
433,4,284.75,284.75
433,5,1489.18,1489.18
433,6,2137.25,2137.25
434,1,0,0
434,2,19.89,19.89
434,3,136.32,136.32
434,4,325.21,325.21
434,5,2224.21,2224.21
434,6,1769.84,1769.84
435,1,0,0
435,2,20.81,20.81
435,3,103.37,103.37
435,4,293.89,293.89
435,5,1524.7,1524.7
435,6,2178.44,2178.44
436,1,0,0
436,2,5.22,5.22
436,3,64.56,64.56
436,4,82,82
436,5,725.78,725.78
436,6,1443.67,1443.67
437,1,0,0
437,2,874,874
437,3,3633.89,3633.89
437,4,7226.37,7226.37
437,5,11926.63,11926.63
437,6,14100.63,14100.63
438,1,0,0
438,2,0,0
438,3,14.25,14.25
438,4,12.25,12.25
438,5,12.25,12.25
438,6,10.75,10.75
439,1,0,0
439,2,0,0
439,3,0,0
439,4,0,0
439,5,0,0
439,6,0,0
440,1,0,0
440,2,0,0
440,3,1.06,1.06
440,4,12.65,12.65
440,5,86.41,86.41
440,6,118.47,118.47
441,1,0,0
441,2,5.88,5.88
441,3,68,68
441,4,84.38,84.38
441,5,791.5,791.5
441,6,1571.62,1571.62
442,1,0,0
442,2,0,0
442,3,1.06,1.06
442,4,13.31,13.31
442,5,87.38,87.38
442,6,121.12,121.12
443,1,0,0
443,2,0,0
443,3,1.07,1.07
443,4,14,14
443,5,92.47,92.47
443,6,127.2,127.2
444,1,0,0
444,2,0,0
444,3,14.43,14.43
444,4,54.29,54.29
444,5,49.71,49.71
444,6,17.43,17.43
445,1,0,0
445,2,0,0
445,3,1.07,1.07
445,4,14.86,14.86
445,5,97.29,97.29
445,6,133,133
446,1,0,0
446,2,0,0
446,3,1.15,1.15
446,4,15.77,15.77
446,5,100.69,100.69
446,6,137.92,137.92
447,1,0,0
447,2,0,0
447,3,1.25,1.25
447,4,16.08,16.08
447,5,106.75,106.75
447,6,147.75,147.75
448,1,0,0
448,2,18.92,18.92
448,3,97.38,97.38
448,4,233.73,233.73
448,5,1127.96,1127.96
448,6,1597.58,1597.58
449,1,0,0
449,2,59.9,59.9
449,3,29.1,29.1
449,4,168.9,168.9
449,5,606.4,606.4
449,6,1274.4,1274.4
450,1,0,0
450,2,0,0
450,3,4,4
450,4,12,12
450,5,3,3
450,6,7,7
451,1,0,0
451,2,20.56,20.56
451,3,136.61,136.61
451,4,336.39,336.39
451,5,2298.06,2298.06
451,6,1803.72,1803.72
452,1,0,0
452,2,19.94,19.94
452,3,130.59,130.59
452,4,337.29,337.29
452,5,2346.06,2346.06
452,6,1735.71,1735.71
453,1,0,0
453,2,56.95,56.95
453,3,172.65,172.65
453,4,1286.35,1286.35
453,5,3724.8,3724.8
453,6,2990.5,2990.5
454,1,0,0
454,2,19.56,19.56
454,3,97.92,97.92
454,4,236,236
454,5,1131.72,1131.72
454,6,1583.6,1583.6
455,1,0,0
455,2,0.78,0.78
455,3,44.89,44.89
455,4,139.33,139.33
455,5,590.78,590.78
455,6,1969.78,1969.78
456,1,0,0
456,2,3,0
456,3,142,0
456,4,1124,0
456,5,3813,0
456,6,9376,0
457,1,0,0
457,2,16.78,16.78
457,3,120.89,120.89
457,4,420.22,420.22
457,5,893.56,893.56
457,6,1395.22,1395.22
458,1,0,0
458,2,69.86,69.86
458,3,210.93,210.93
458,4,648.93,648.93
458,5,1236.86,1236.86
458,6,1145.79,1145.79
459,1,0,0
459,2,20.25,20.25
459,3,101.08,101.08
459,4,243.54,243.54
459,5,1168.62,1168.62
459,6,1640.42,1640.42
460,1,0,0
460,2,20.78,20.78
460,3,101,101
460,4,245.17,245.17
460,5,1191.13,1191.13
460,6,1680.61,1680.61
461,1,0,0
461,2,3.8,3.8
461,3,142.4,142.4
461,4,431.4,431.4
461,5,2430.8,2430.8
461,6,3593.4,3593.4
462,1,0,0
462,2,38.6,38.6
462,3,261.6,261.6
462,4,754.4,754.4
462,5,3157.4,3157.4
462,6,3913.6,3913.6
463,1,0,0
463,2,3.33,3.33
463,3,61.44,61.44
463,4,169.44,169.44
463,5,802.78,802.78
463,6,2132.89,2132.89
464,1,0,0
464,2,0,0
464,3,1.5,1.5
464,4,12.5,12.5
464,5,4,4
464,6,4.5,4.5
465,1,0,0
465,2,0.5,0.5
465,3,27.75,27.75
465,4,73.25,73.25
465,5,337.5,337.5
465,6,462.5,462.5
466,1,0,0
466,2,14.21,14.21
466,3,67.25,67.25
466,4,93.75,93.75
466,5,263.42,263.42
466,6,357.96,357.96
467,1,0,0
467,2,12.78,12.78
467,3,68.48,68.48
467,4,93.87,93.87
467,5,260.35,260.35
467,6,356.04,356.04
468,1,0,0
468,2,6.89,6.89
468,3,275.78,275.78
468,4,485,485
468,5,3245.44,3245.44
468,6,5037.33,5037.33
469,1,0,0
469,2,0,0
469,3,0,0
469,4,0,0
469,5,0,0
469,6,0,0
470,1,0,0
470,2,64.44,64.44
470,3,32.11,32.11
470,4,184.44,184.44
470,5,654.11,654.11
470,6,1356.78,1356.78
471,1,0,0
471,2,19.64,19.64
471,3,101.14,101.14
471,4,239.23,239.23
471,5,1211.77,1211.77
471,6,1697.5,1697.5
472,1,0,0
472,2,20.57,20.57
472,3,102.95,102.95
472,4,240.67,240.67
472,5,1244.9,1244.9
472,6,1733.76,1733.76
473,1,0,0
473,2,2.62,2.62
473,3,57.88,57.88
473,4,160.38,160.38
473,5,829.88,829.88
473,6,1938,1938
474,1,0,0
474,2,12.35,12.35
474,3,92.25,92.25
474,4,206.4,206.4
474,5,1248.05,1248.05
474,6,1709.25,1709.25
475,1,0,0
475,2,70.62,70.62
475,3,218.69,218.69
475,4,678.69,678.69
475,5,1275.46,1275.46
475,6,1192.62,1192.62
476,1,0,0
476,2,12.79,12.79
476,3,95.32,95.32
476,4,206.84,206.84
476,5,1268.68,1268.68
476,6,1765.21,1765.21
477,1,0,0
477,2,65.62,65.62
477,3,34.88,34.88
477,4,198.25,198.25
477,5,677.38,677.38
477,6,1402.62,1402.62
478,1,0,0
478,2,0,0
478,3,16.83,16.83
478,4,62.67,62.67
478,5,55.67,55.67
478,6,18.5,18.5
479,1,0,0
479,2,0,0
479,3,15.6,15.6
479,4,59.6,59.6
479,5,30.4,30.4
479,6,15.2,15.2
480,1,0,0
480,2,11.61,11.61
480,3,92.39,92.39
480,4,194.5,194.5
480,5,1235.56,1235.56
480,6,1689.39,1689.39
481,1,0,0
481,2,76.42,76.42
481,3,236.58,236.58
481,4,728.58,728.58
481,5,1351,1351
481,6,1242.67,1242.67
482,1,0,0
482,2,12.82,12.82
482,3,66.36,66.36
482,4,61.55,61.55
482,5,232.68,232.68
482,6,356.86,356.86
483,1,0,0
483,2,348.11,348.11
483,3,1630,1630
483,4,5542.44,5542.44
483,5,10798.33,10798.33
483,6,13301.33,13301.33
484,1,0,0
484,2,0.88,0.88
484,3,36.75,36.75
484,4,155.12,155.12
484,5,657.12,657.12
484,6,2185.75,2185.75
485,1,0,0
485,2,17.81,17.81
485,3,129.81,129.81
485,4,338.81,338.81
485,5,2421.69,2421.69
485,6,1797.88,1797.88
486,1,0,0
486,2,42.56,42.56
486,3,273.89,273.89
486,4,815.89,815.89
486,5,3384.33,3384.33
486,6,4101.44,4101.44
487,1,0,0
487,2,11.82,11.82
487,3,90.82,90.82
487,4,190.06,190.06
487,5,1268.82,1268.82
487,6,1704,1704
488,1,0,0
488,2,18,18
488,3,129.8,129.8
488,4,323.67,323.67
488,5,2390.53,2390.53
488,6,1725.33,1725.33
489,1,0,0
489,2,7.62,7.62
489,3,307.12,307.12
489,4,457.88,457.88
489,5,2762.62,2762.62
489,6,3983.12,3983.12
490,1,0,0
490,2,3,3
490,3,65.86,65.86
490,4,170.86,170.86
490,5,905.57,905.57
490,6,2077.57,2077.57
491,1,0,0
491,2,47.38,47.38
491,3,287.38,287.38
491,4,886.62,886.62
491,5,3633.88,3633.88
491,6,4295.62,4295.62
492,1,0,0
492,2,59.79,59.79
492,3,178.63,178.63
492,4,1341.37,1341.37
492,5,3873.37,3873.37
492,6,3046.32,3046.32
493,1,0,0
493,2,53.5,53.5
493,3,216.5,216.5
493,4,271.25,271.25
493,5,578.5,578.5
493,6,553.88,553.88
494,1,0,0
494,2,356.24,356.24
494,3,1687.53,1687.53
494,4,5806.53,5806.53
494,5,10973.88,10973.88
494,6,12530.41,12530.41
495,1,0,0
495,2,1.67,1.67
495,3,87.33,87.33
495,4,123.5,123.5
495,5,362.5,362.5
495,6,807.33,807.33
496,1,0,0
496,2,17.21,17.21
496,3,133.36,133.36
496,4,319.29,319.29
496,5,2363.79,2363.79
496,6,1742.93,1742.93
497,1,0,0
497,2,62.11,62.11
497,3,187.72,187.72
497,4,1411.33,1411.33
497,5,4040.83,4040.83
497,6,3133.33,3133.33
498,1,0,0
498,2,0,0
498,3,1.09,1.09
498,4,16.09,16.09
498,5,102.64,102.64
498,6,158.45,158.45
499,1,0,0
499,2,375,375
499,3,1783.81,1783.81
499,4,6146.44,6146.44
499,5,11487.06,11487.06
499,6,12965.81,12965.81
500,1,0,0
500,2,399.27,399.27
500,3,1901,1901
500,4,6540.8,6540.8
500,5,12207.13,12207.13
500,6,13683.27,13683.27
501,1,0,0
501,2,1,1
501,3,42,42
501,4,163.43,163.43
501,5,732.86,732.86
501,6,2448.29,2448.29
502,1,0,0
502,2,83.27,83.27
502,3,257,257
502,4,787.27,787.27
502,5,1443,1443
502,6,1334.27,1334.27
503,1,0,0
503,2,13.43,13.43
503,3,68.67,68.67
503,4,63.62,63.62
503,5,233.95,233.95
503,6,360.24,360.24
504,1,0,0
504,2,383.5,383.5
504,3,1962.93,1962.93
504,4,6629.79,6629.79
504,5,12053,12053
504,6,13036.43,13036.43
505,1,0,0
505,2,91.1,91.1
505,3,279.6,279.6
505,4,844.8,844.8
505,5,1545.2,1545.2
505,6,1440,1440
506,1,0,0
506,2,16.92,16.92
506,3,131.77,131.77
506,4,314.46,314.46
506,5,2457.69,2457.69
506,6,1831.31,1831.31
507,1,0,0
507,2,3.33,3.33
507,3,60.17,60.17
507,4,171.17,171.17
507,5,918.5,918.5
507,6,2053.67,2053.67
508,1,0,0
508,2,12.2,12.2
508,3,56.1,56.1
508,4,59.9,59.9
508,5,228.1,228.1
508,6,354.55,354.55
509,1,0,0
509,2,65.41,65.41
509,3,198.82,198.82
509,4,1484.41,1484.41
509,5,4232.41,4232.41
509,6,3265.29,3265.29
510,1,0,0
510,2,12.84,12.84
510,3,59.05,59.05
510,4,62.42,62.42
510,5,237.26,237.26
510,6,365.95,365.95
511,1,0,0
511,2,17.86,17.86
511,3,168,168
511,4,412.57,412.57
511,5,1858.57,1858.57
511,6,2704.86,2704.86
512,1,0,0
512,2,0,0
512,3,2.43,2.43
512,4,2.86,2.86
512,5,37.57,37.57
512,6,77.71,77.71
513,1,0,0
513,2,0,0
513,3,153,153
513,4,151.75,151.75
513,5,578.25,578.25
513,6,1354,1354
514,1,0,0
514,2,4,4
514,3,57.4,57.4
514,4,203,203
514,5,1080.6,1080.6
514,6,2354.2,2354.2
515,1,0,0
515,2,18.5,18.5
515,3,129.88,129.88
515,4,446.12,446.12
515,5,970.38,970.38
515,6,1542.38,1542.38
516,1,0,0
516,2,412.92,412.92
516,3,2103.46,2103.46
516,4,7121.23,7121.23
516,5,12798.92,12798.92
516,6,13704.38,13704.38
517,1,0,0
517,2,0,0
517,3,1.2,1.2
517,4,17.6,17.6
517,5,112.9,112.9
517,6,171.6,171.6
518,1,0,0
518,2,6.71,6.71
518,3,73.57,73.57
518,4,90.14,90.14
518,5,868.29,868.29
518,6,1764.57,1764.57
519,1,0,0
519,2,3.75,3.75
519,3,114.5,114.5
519,4,386,386
519,5,2606.75,2606.75
519,6,3906.5,3906.5
520,1,0,0
520,2,7,7
520,3,79.67,79.67
520,4,97.33,97.33
520,5,883.17,883.17
520,6,1894.17,1894.17
521,1,0,0
521,2,431.92,431.92
521,3,2134.83,2134.83
521,4,7073.75,7073.75
521,5,13090.08,13090.08
521,6,14129.92,14129.92
522,1,0,0
522,2,47.86,47.86
522,3,162.86,162.86
522,4,193,193
522,5,410.86,410.86
522,6,494.86,494.86
523,1,0,0
523,2,20.71,20.71
523,3,128,128
523,4,467,467
523,5,1010.71,1010.71
523,6,1698.71,1698.71
524,1,0,0
524,2,23.33,23.33
524,3,145.33,145.33
524,4,528.67,528.67
524,5,1032.5,1032.5
524,6,1662.33,1662.33
525,1,0,0
525,2,95.78,95.78
525,3,305.44,305.44
525,4,923.89,923.89
525,5,1661.67,1661.67
525,6,1503.44,1503.44
526,1,0,0
526,2,23.2,23.2
526,3,163.8,163.8
526,4,574.8,574.8
526,5,957.2,957.2
526,6,1468,1468
527,1,0,0
527,2,13.5,13.5
527,3,61.22,61.22
527,4,63.83,63.83
527,5,245.11,245.11
527,6,378.56,378.56
528,1,0,0
528,2,0,0
528,3,0.78,0.78
528,4,3.56,3.56
528,5,33,33
528,6,113.22,113.22
529,1,0,0
529,2,471.09,471.09
529,3,2321.73,2321.73
529,4,7706,7706
529,5,14191.73,14191.73
529,6,15229.91,15229.91
530,1,0,0
530,2,19.67,19.67
530,3,181.33,181.33
530,4,464,464
530,5,1902.83,1902.83
530,6,2744.17,2744.17
531,1,0,0
531,2,19.8,19.8
531,3,172.4,172.4
531,4,510.4,510.4
531,5,2039.6,2039.6
531,6,2534.4,2534.4
532,1,0,0
532,2,106,106
532,3,333.88,333.88
532,4,1018.5,1018.5
532,5,1814.5,1814.5
532,6,1640.62,1640.62
533,1,0,0
533,2,4.67,4.67
533,3,116.33,116.33
533,4,380,380
533,5,3045.67,3045.67
533,6,4522,4522
534,1,0,0
534,2,74.43,74.43
534,3,25.14,25.14
534,4,210.29,210.29
534,5,721,721
534,6,1484.86,1484.86
535,1,0,0
535,2,80.5,80.5
535,3,21.17,21.17
535,4,172.67,172.67
535,5,433.67,433.67
535,6,1061.5,1061.5
536,1,0,0
536,2,12.83,12.83
536,3,125.83,125.83
536,4,210.17,210.17
536,5,1614.33,1614.33
536,6,1327.92,1327.92
537,1,0,0
537,2,2,2
537,3,94.4,94.4
537,4,126,126
537,5,410.8,410.8
537,6,878.2,878.2
538,1,0,0
538,2,61.06,61.06
538,3,211.19,211.19
538,4,1575.19,1575.19
538,5,4458.56,4458.56
538,6,3431.12,3431.12
539,1,0,0
539,2,0,0
539,3,3.75,3.75
539,4,17.25,17.25
539,5,25.25,25.25
539,6,18,18
540,1,0,0
540,2,0,0
540,3,4.67,4.67
540,4,17.33,17.33
540,5,29,29
540,6,23.33,23.33
541,1,0,0
541,2,12.31,12.31
541,3,92.06,92.06
541,4,195.44,195.44
541,5,1278.31,1278.31
541,6,1732.06,1732.06
542,1,0,0
542,2,2.5,2.5
542,3,105.25,105.25
542,4,152.75,152.75
542,5,480.25,480.25
542,6,1044.5,1044.5
543,1,0,0
543,2,121.14,121.14
543,3,380,380
543,4,1162.57,1162.57
543,5,2053.57,2053.57
543,6,1850.71,1850.71
544,1,0,0
544,2,24.17,24.17
544,3,130.67,130.67
544,4,1083.5,1083.5
544,5,13843.5,13843.5
544,6,18059.83,18059.83
545,1,0,0
545,2,55.83,55.83
545,3,190,190
545,4,225.17,225.17
545,5,479.33,479.33
545,6,577.33,577.33
546,1,0,0
546,2,12.47,12.47
546,3,93.13,93.13
546,4,205.67,205.67
546,5,1313.53,1313.53
546,6,1765.07,1765.07
547,1,0,0
547,2,12.14,12.14
547,3,91.29,91.29
547,4,188.36,188.36
547,5,1126.71,1126.71
547,6,1407.43,1407.43
548,1,0,0
548,2,0,0
548,3,0,0
548,4,0,0
548,5,0,0
548,6,0,0
549,1,0,0
549,2,64.8,64.8
549,3,222.27,222.27
549,4,1642.6,1642.6
549,5,4570.93,4570.93
549,6,3447.2,3447.2
550,1,0,0
550,2,13.12,13.12
550,3,164,164
550,4,287,287
550,5,882.25,882.25
550,6,644.62,644.62
551,1,0,0
551,2,15,15
551,3,172.71,172.71
551,4,322.43,322.43
551,5,987.29,987.29
551,6,709.43,709.43
552,1,0,0
552,2,307.3,307.3
552,3,1741.9,1741.9
552,4,5692.2,5692.2
552,5,7858.8,7858.8
552,6,8961.6,8961.6
553,1,0,0
553,2,22.75,22.75
553,3,185.5,185.5
553,4,614.75,614.75
553,5,2202.25,2202.25
553,6,2807.75,2807.75
554,1,0,0
554,2,22,22
554,3,201,201
554,4,699.33,699.33
554,5,2158.33,2158.33
554,6,2353,2353
555,1,0,0
555,2,4.25,4.25
555,3,39.5,39.5
555,4,196.25,196.25
555,5,1112.75,1112.75
555,6,2195,2195
556,1,0,0
556,2,13.64,13.64
556,3,118.82,118.82
556,4,214.45,214.45
556,5,1602.36,1602.36
556,6,1236.27,1236.27
557,1,0,0
557,2,33,33
557,3,259.5,259.5
557,4,1033.5,1033.5
557,5,3085.5,3085.5
557,6,2920,2920
558,1,0,0
558,2,12.54,12.54
558,3,94.08,94.08
558,4,196.54,196.54
558,5,1161.62,1161.62
558,6,1451.54,1451.54
559,1,0,0
559,2,8.71,8.71
559,3,297,297
559,4,474.71,474.71
559,5,2665.71,2665.71
559,6,3981,3981
560,1,0,0
560,2,313.56,313.56
560,3,1779.56,1779.56
560,4,5574.89,5574.89
560,5,7350.44,7350.44
560,6,8496.33,8496.33
561,1,0,0
561,2,1.17,1.17
561,3,38.67,38.67
561,4,176.5,176.5
561,5,809.33,809.33
561,6,2527.67,2527.67
562,1,0,0
562,2,1.2,1.2
562,3,25.2,25.2
562,4,87,87
562,5,236.2,236.2
562,6,815.4,815.4
563,1,0,0
563,2,12.12,12.12
563,3,63.82,63.82
563,4,65.53,65.53
563,5,241,241
563,6,382.65,382.65
564,1,0,0
564,2,12.88,12.88
564,3,65.25,65.25
564,4,64.62,64.62
564,5,237,237
564,6,376.81,376.81
565,1,0,0
565,2,137.83,137.83
565,3,430.17,430.17
565,4,1271.33,1271.33
565,5,2040.17,2040.17
565,6,1705.17,1705.17
566,1,0,0
566,2,1.5,1.5
566,3,15.25,15.25
566,4,37.5,37.5
566,5,148,148
566,6,478.5,478.5
567,1,0,0
567,2,17.5,17.5
567,3,192.17,192.17
567,4,340.33,340.33
567,5,1069.83,1069.83
567,6,790.67,790.67
568,1,0,0
568,2,62,62
568,3,200,200
568,4,229.4,229.4
568,5,490.4,490.4
568,6,599.8,599.8
569,1,0,0
569,2,10.17,10.17
569,3,344,344
569,4,491.67,491.67
569,5,2875.83,2875.83
569,6,4329.83,4329.83
570,1,0,0
570,2,68.29,68.29
570,3,230.71,230.71
570,4,1637.5,1637.5
570,5,4763.86,4763.86
570,6,3606.86,3606.86
571,1,0,0
571,2,21,21
571,3,192.2,192.2
571,4,394.8,394.8
571,5,1213.8,1213.8
571,6,932.6,932.6
572,1,0,0
572,2,8.4,8.4
572,3,75.2,75.2
572,4,103,103
572,5,969.4,969.4
572,6,1977.6,1977.6
573,1,0,0
573,2,12.67,12.67
573,3,83.83,83.83
573,4,197.58,197.58
573,5,1152,1152
573,6,1402.08,1402.08
574,1,0,0
574,2,0,0
574,3,77.25,77.25
574,4,73,73
574,5,358.75,358.75
574,6,808.75,808.75
575,1,0,0
575,2,12.73,12.73
575,3,65.8,65.8
575,4,59.8,59.8
575,5,229.33,229.33
575,6,361.4,361.4
576,1,0,0
576,2,346.25,346.25
576,3,1960.62,1960.62
576,4,6211.88,6211.88
576,5,8089.62,8089.62
576,6,9243.12,9243.12
577,1,0,0
577,2,5.67,5.67
577,3,50.33,50.33
577,4,217,217
577,5,1003.67,1003.67
577,6,1717.67,1717.67
578,1,0,0
578,2,25.5,25.5
578,3,235,235
578,4,485.25,485.25
578,5,1472.75,1472.75
578,6,1114.75,1114.75
579,1,0,0
579,2,13.43,13.43
579,3,67.93,67.93
579,4,60.79,60.79
579,5,219.57,219.57
579,6,357.93,357.93
580,1,0,0
580,2,27.75,27.75
580,3,187.75,187.75
580,4,587,587
580,5,771,771
580,6,1438.25,1438.25
581,1,0,0
581,2,0,0
581,3,2.67,2.67
581,4,0.83,0.83
581,5,21,21
581,6,68.83,68.83
582,1,0,0
582,2,36,36
582,3,167,167
582,4,560,560
582,5,694.67,694.67
582,6,1448.67,1448.67
583,1,0,0
583,2,9,9
583,3,110.4,110.4
583,4,219.2,219.2
583,5,1487.6,1487.6
583,6,1223.5,1223.5
584,1,0,0
584,2,3.33,3.33
584,3,126.33,126.33
584,4,195.33,195.33
584,5,627.67,627.67
584,6,1324.33,1324.33
585,1,0,0
585,2,86,86
585,3,21.4,21.4
585,4,196.8,196.8
585,5,470.8,470.8
585,6,1150.2,1150.2
586,1,0,0
586,2,97.75,97.75
586,3,16.5,16.5
586,4,184,184
586,5,335.75,335.75
586,6,672.5,672.5
587,1,0,0
587,2,21.2,21.2
587,3,104.2,104.2
587,4,1144,1144
587,5,14024.2,14024.2
587,6,17295,17295
588,1,0,0
588,2,160.6,160.6
588,3,494.6,494.6
588,4,1502.6,1502.6
588,5,2388.2,2388.2
588,6,2001.8,2001.8
589,1,0,0
589,2,14.08,14.08
589,3,55.23,55.23
589,4,49.85,49.85
589,5,208.69,208.69
589,6,352.54,352.54
590,1,0,0
590,2,12.82,12.82
590,3,83.18,83.18
590,4,191.55,191.55
590,5,1149.91,1149.91
590,6,1263.73,1263.73
591,1,0,0
591,2,8.89,8.89
591,3,111.89,111.89
591,4,222,222
591,5,1515.56,1515.56
591,6,1128.33,1128.33
592,1,0,0
592,2,0,0
592,3,102,102
592,4,84.67,84.67
592,5,374.67,374.67
592,6,885.33,885.33
593,1,0,0
593,2,0,0
593,3,1,0
593,4,4,0
593,5,5,0
593,6,5,0
594,1,0,0
594,2,73.23,73.23
594,3,234.46,234.46
594,4,1636.54,1636.54
594,5,4893.08,4893.08
594,6,3300.92,3300.92
595,1,0,0
595,2,8.62,8.62
595,3,108.62,108.62
595,4,211.75,211.75
595,5,1465.25,1465.25
595,6,1121.5,1121.5
596,1,0,0
596,2,31.67,31.67
596,3,289.33,289.33
596,4,593.33,593.33
596,5,1868.67,1868.67
596,6,1396,1396
597,1,0,0
597,2,8.5,8.5
597,3,64,64
597,4,280.5,280.5
597,5,964.5,964.5
597,6,1566.5,1566.5
598,1,0,0
598,2,12.4,12.4
598,3,77.7,77.7
598,4,175.4,175.4
598,5,1199.2,1199.2
598,6,1339.9,1339.9
599,1,0,0
599,2,393.71,393.71
599,3,2217,2217
599,4,7043.57,7043.57
599,5,8613.86,8613.86
599,6,8760.86,8760.86
600,1,0,0
600,2,102,102
600,3,6.33,6.33
600,4,76.67,76.67
600,5,209,209
600,6,558,558
601,1,0,0
601,2,12.56,12.56
601,3,72.44,72.44
601,4,169.22,169.22
601,5,1217.33,1217.33
601,6,1417.11,1417.11
602,1,0,0
602,2,0,0
602,3,136.5,136.5
602,4,91.5,91.5
602,5,393.5,393.5
602,6,833,833
603,1,0,0
603,2,8.86,8.86
603,3,104.86,104.86
603,4,208.86,208.86
603,5,1339.86,1339.86
603,6,1016.43,1016.43
604,1,0,0
604,2,443.33,443.33
604,3,2487.83,2487.83
604,4,8052.17,8052.17
604,5,9341.17,9341.17
604,6,8259,8259
605,1,0,0
605,2,14.67,14.67
605,3,58.58,58.58
605,4,51.75,51.75
605,5,207,207
605,6,353.25,353.25
606,1,0,0
606,2,75.5,75.5
606,3,240.5,240.5
606,4,267.5,267.5
606,5,563,563
606,6,687.75,687.75
607,1,0,0
607,2,15.64,15.64
607,3,63.27,63.27
607,4,53.18,53.18
607,5,194.82,194.82
607,6,348.45,348.45
608,1,0,0
608,2,17.1,17.1
608,3,69.5,69.5
608,4,56.7,56.7
608,5,208.7,208.7
608,6,362.4,362.4
609,1,0,0
609,2,0,0
609,3,0,0
609,4,0,0
609,5,0,0
609,6,0,0
610,1,0,0
610,2,18.67,18.67
610,3,76,76
610,4,61.22,61.22
610,5,219.11,219.11
610,6,339.22,339.22
611,1,0,0
611,2,111,111
611,3,4.5,4.5
611,4,65.5,65.5
611,5,224.5,224.5
611,6,635,635
612,1,0,0
612,2,14.12,14.12
612,3,74.12,74.12
612,4,175.38,175.38
612,5,1174.62,1174.62
612,6,1346.5,1346.5
613,1,0,0
613,2,20.75,20.75
613,3,81.12,81.12
613,4,60.75,60.75
613,5,219.88,219.88
613,6,360.12,360.12
614,1,0,0
614,2,15.43,15.43
614,3,81.29,81.29
614,4,180.43,180.43
614,5,1284.29,1284.29
614,6,1446.43,1446.43
615,1,0,0
615,2,8.67,8.67
615,3,104,104
615,4,229.67,229.67
615,5,1402.83,1402.83
615,6,1075.33,1075.33
616,1,0,0
616,2,9.8,9.8
616,3,119.8,119.8
616,4,258.6,258.6
616,5,1612.8,1612.8
616,6,1213,1213
617,1,0,0
617,2,23.71,23.71
617,3,85.14,85.14
617,4,63,63
617,5,223.57,223.57
617,6,373.57,373.57
618,1,0,0
618,2,0,0
618,3,0.88,0.88
618,4,4,4
618,5,36.62,36.62
618,6,125.62,125.62
619,1,0,0
619,2,0.33,0.33
619,3,32.33,32.33
619,4,83,83
619,5,400.67,400.67
619,6,556,556
620,1,0,0
620,2,10.6,10.6
620,3,396.6,396.6
620,4,518.6,518.6
620,5,2940.2,2940.2
620,6,3829.8,3829.8
621,1,0,0
621,2,27.5,27.5
621,3,96.33,96.33
621,4,52.33,52.33
621,5,219.17,219.17
621,6,303.83,303.83
622,1,0,0
622,2,26.5,26.5
622,3,248,248
622,4,678,678
622,5,2485.5,2485.5
622,6,1992.5,1992.5
623,1,0,0
623,2,16.83,16.83
623,3,89,89
623,4,203.83,203.83
623,5,1462.83,1462.83
623,6,1612,1612
624,1,0,0
624,2,0,0
624,3,1,1
624,4,4.57,4.57
624,5,41.43,41.43
624,6,138,138
625,1,0,0
625,2,14.2,14.2
625,3,79.2,79.2
625,4,216.6,216.6
625,5,1553.6,1553.6
625,6,1719.2,1719.2
626,1,0,0
626,2,32.8,32.8
626,3,112.4,112.4
626,4,60,60
626,5,242.2,242.2
626,6,324.4,324.4
627,1,0,0
627,2,98.33,98.33
627,3,208.67,208.67
627,4,238,238
627,5,439.33,439.33
627,6,535.33,535.33
628,1,0,0
628,2,0,0
628,3,0,0
628,4,0,0
628,5,0,0
628,6,0,0
629,1,0,0
629,2,0,0
629,3,43,0
629,4,50,0
629,5,486,0
629,6,1229,0
630,1,0,0
630,2,530.8,530.8
630,3,2957.2,2957.2
630,4,9640.8,9640.8
630,5,11160,11160
630,6,9680.6,9680.6
631,1,0,0
631,2,41,41
631,3,137.5,137.5
631,4,70.25,70.25
631,5,263,263
631,6,350.5,350.5
632,1,0,0
632,2,0,0
632,3,72,72
632,4,118.67,118.67
632,5,564,564
632,6,1590,1590
633,1,0,0
633,2,0.5,0.5
633,3,36.5,36.5
633,4,114.5,114.5
633,5,403,403
633,6,543,543
634,1,0,0
634,2,140.5,140.5
634,3,187,187
634,4,154.5,154.5
634,5,499.5,499.5
634,6,611.5,611.5
635,1,0,0
635,2,52.5,52.5
635,3,223,223
635,4,772.5,772.5
635,5,853,853
635,6,1604.5,1604.5
636,1,0,0
636,2,10.5,10.5
636,3,129,129
636,4,300.5,300.5
636,5,1739,1739
636,6,1122.25,1122.25
637,1,0,0
637,2,16.25,16.25
637,3,94.25,94.25
637,4,257.75,257.75
637,5,1732,1732
637,6,1786.5,1786.5
638,1,0,0
638,2,79.33,79.33
638,3,249.83,249.83
638,4,1706.25,1706.25
638,5,5118.25,5118.25
638,6,3478.33,3478.33
639,1,0,0
639,2,11.33,11.33
639,3,109.67,109.67
639,4,255.33,255.33
639,5,1793.67,1793.67
639,6,1201.67,1201.67
640,1,0,0
640,2,1,0
640,3,44,0
640,4,80,0
640,5,137,0
640,6,303,0
641,1,0,0
641,2,595.25,595.25
641,3,3371.5,3371.5
641,4,11461.5,11461.5
641,5,11830.5,11830.5
641,6,9670.25,9670.25
642,1,0,0
642,2,21.33,21.33
642,3,117.33,117.33
642,4,323.67,323.67
642,5,2023,2023
642,6,2097,2097
643,1,0,0
643,2,5,0
643,3,33,0
643,4,89,0
643,5,399,0
643,6,1535,0
644,1,0,0
644,2,4,0
644,3,210,0
644,4,222,0
644,5,990,0
644,6,1032,0
645,1,0,0
645,2,0,0
645,3,3.2,3.2
645,4,1,1
645,5,24.2,24.2
645,6,78,78
646,1,0,0
646,2,0,0
646,3,69.5,69.5
646,4,137,137
646,5,715.5,715.5
646,6,2098.5,2098.5
647,1,0,0
647,2,0,0
647,3,2.75,2.75
647,4,0.75,0.75
647,5,29.5,29.5
647,6,96.25,96.25
648,1,0,0
648,2,0,0
648,3,3.67,3.67
648,4,1,1
648,5,39,39
648,6,128,128
649,1,0,0
649,2,158,0
649,3,2,0
649,4,57,0
649,5,278,0
649,6,420,0
650,1,0,0
650,2,26,26
650,3,123,123
650,4,1189.75,1189.75
650,5,14819.75,14819.75
650,6,17786.5,17786.5
651,1,0,0
651,2,2,0
651,3,131,0
651,4,149,0
651,5,329,0
651,6,350,0
652,1,0,0
652,2,17,0
652,3,99,0
652,4,546,0
652,5,1785,0
652,6,2360,0
653,1,0,0
653,2,2,2
653,3,20.33,20.33
653,4,48,48
653,5,160.67,160.67
653,6,481,481
654,1,0,0
654,2,29,29
654,3,123.5,123.5
654,4,424,424
654,5,2478,2478
654,6,2698.5,2698.5
655,1,0,0
655,2,0,0
655,3,0,0
655,4,0,0
655,5,0,0
655,6,0,0
656,1,0,0
656,2,13.5,13.5
656,3,83.5,83.5
656,4,284,284
656,5,2078,2078
656,6,1235.5,1235.5
657,1,0,0
657,2,0,0
657,3,26.5,26.5
657,4,63.5,63.5
657,5,208,208
657,6,533.5,533.5
658,1,0,0
658,2,90.5,90.5
658,3,249,249
658,4,532.25,532.25
658,5,1018,1018
658,6,916,916
659,1,0,0
659,2,120,120
659,3,311.33,311.33
659,4,634.33,634.33
659,5,1131.33,1131.33
659,6,1124,1124
660,1,0,0
660,2,0,0
660,3,26,0
660,4,62,0
660,5,240,0
660,6,446,0
661,1,0,0
661,2,179.5,179.5
661,3,465,465
661,4,933.5,933.5
661,5,1624.5,1624.5
661,6,1596.5,1596.5
662,1,0,0
662,2,0,0
662,3,0,0
662,4,0,0
662,5,0,0
662,6,0,0
663,1,0,0
663,2,0,0
663,3,1,1
663,4,5.33,5.33
663,5,38.5,38.5
663,6,137.17,137.17
664,1,0,0
664,2,5,5
664,3,60,60
664,4,207,207
664,5,838.5,838.5
664,6,1604.5,1604.5
665,1,0,0
665,2,0,0
665,3,0,0
665,4,0,0
665,5,0,0
665,6,0,0
666,1,0,0
666,2,18,18
666,3,36,36
666,4,140,140
666,5,751,751
666,6,1542.67,1542.67
667,1,0,0
667,2,85.55,85.55
667,3,265.73,265.73
667,4,1811.64,1811.64
667,5,5250.91,5250.91
667,6,3525.55,3525.55
668,1,0,0
668,2,91.3,91.3
668,3,285.7,285.7
668,4,1833.7,1833.7
668,5,5093.5,5093.5
668,6,3426.2,3426.2
669,1,0,0
669,2,52.44,52.44
669,3,177.78,177.78
669,4,1492.67,1492.67
669,5,4431.56,4431.56
669,6,2877.44,2877.44
670,1,0,0
670,2,6,6
670,3,122,122
670,4,260,260
670,5,1124,1124
670,6,1905.5,1905.5
671,1,0,0
671,2,58.62,58.62
671,3,191,191
671,4,1603.88,1603.88
671,5,4809.88,4809.88
671,6,2987.88,2987.88
672,1,0,0
672,2,65.71,65.71
672,3,166.71,166.71
672,4,1566.71,1566.71
672,5,4467.29,4467.29
672,6,3098.86,3098.86
673,1,0,0
673,2,10,0
673,3,41,0
673,4,116,0
673,5,769,0
673,6,726,0
674,1,0,0
674,2,54.33,54.33
674,3,178,178
674,4,62.67,62.67
674,5,274.67,274.67
674,6,424.33,424.33
675,1,0,0
675,2,0,0
675,3,1,1
675,4,5.6,5.6
675,5,33,33
675,6,137,137
676,1,0,0
676,2,74.33,74.33
676,3,180.67,180.67
676,4,1601.83,1601.83
676,5,4587.5,4587.5
676,6,3155.17,3155.17
677,1,0,0
677,2,82,82
677,3,152,152
677,4,1655.6,1655.6
677,5,4496.4,4496.4
677,6,3107.6,3107.6
678,1,0,0
678,2,102,102
678,3,189.75,189.75
678,4,2024,2024
678,5,5386.5,5386.5
678,6,3366.5,3366.5
679,1,0,0
679,2,96.67,96.67
679,3,100.67,100.67
679,4,1868.67,1868.67
679,5,5489.67,5489.67
679,6,3396.33,3396.33
680,1,0,0
680,2,252,0
680,3,340,0
680,4,273,0
680,5,811,0
680,6,861,0
681,1,0,0
681,2,0,0
681,3,3,3
681,4,5.5,5.5
681,5,42,42
681,6,24.5,24.5
682,1,0,0
682,2,11.25,11.25
682,3,488.25,488.25
682,4,550.25,550.25
682,5,3120.75,3120.75
682,6,3674,3674
683,1,0,0
683,2,0,0
683,3,0,0
683,4,0,0
683,5,0,0
683,6,0,0
684,1,0,0
684,2,1,0
684,3,25,0
684,4,66,0
684,5,268,0
684,6,690,0
685,1,0,0
685,2,0,0
685,3,0,0
685,4,0,0
685,5,0,0
685,6,0,0
686,1,0,0
686,2,15,15
686,3,321.67,321.67
686,4,527.67,527.67
686,5,2527.67,2527.67
686,6,2895.67,2895.67
687,1,0,0
687,2,0,0
687,3,17,17
687,4,35,35
687,5,185,185
687,6,344.5,344.5
688,1,0,0
688,2,0,0
688,3,24,0
688,4,55,0
688,5,339,0
688,6,598,0
689,1,0,0
689,2,0,0
689,3,0,0
689,4,0,0
689,5,0,0
689,6,0,0
690,1,0,0
690,2,53,0
690,3,172,0
690,4,595,0
690,5,4075,0
690,6,4277,0
691,1,0,0
691,2,0,0
691,3,86,0
691,4,241,0
691,5,1375,0
691,6,3515,0
692,1,0,0
692,2,0,0
692,3,1.25,1.25
692,4,7,7
692,5,41.25,41.25
692,6,171,171
693,1,0,0
693,2,0,0
693,3,1.33,1.33
693,4,9.33,9.33
693,5,45.67,45.67
693,6,213.33,213.33
694,1,0,0
694,2,0,0
694,3,2,2
694,4,13.5,13.5
694,5,64.5,64.5
694,6,246.5,246.5
695,1,0,0
695,2,0,0
695,3,0,0
695,4,0,0
695,5,0,0
695,6,0,0
696,1,0,0
696,2,0,0
696,3,0,0
696,4,0,0
696,5,0,0
696,6,0,0
697,1,0,0
697,2,7.5,7.5
697,3,451.5,451.5
697,4,544.5,544.5
697,5,2639.5,2639.5
697,6,2921,2921
698,1,0,0
698,2,0,0
698,3,0,0
698,4,0,0
698,5,0,0
698,6,0,0
699,1,0,0
699,2,1,0
699,3,51,0
699,4,286,0
699,5,470,0
699,6,214,0
700,1,0,0
700,2,25,0
700,3,67,0
700,4,296,0
700,5,1881,0
700,6,1537,0
701,1,0,0
701,2,0,0
701,3,0,0
701,4,0,0
701,5,0,0
701,6,0,0
702,1,0,0
702,2,0,0
702,3,0,0
702,4,0,0
702,5,0,0
702,6,0,0
703,1,0,0
703,2,139,139
703,3,104,104
703,4,1481.5,1481.5
703,5,5759,5759
703,6,3197.5,3197.5
704,1,0,0
704,2,0,0
704,3,0,0
704,4,0,0
704,5,0,0
704,6,0,0
705,1,0,0
705,2,2,0
705,3,733,0
705,4,553,0
705,5,1943,0
705,6,2755,0
706,1,0,0
706,2,13,0
706,3,116,0
706,4,1912,0
706,5,8264,0
706,6,2844,0
707,1,0,0
707,2,0,0
707,3,0,0
707,4,0,0
707,5,0,0
707,6,0,0
708,1,0,0
708,2,20,20
708,3,122,122
708,4,1191.33,1191.33
708,5,13289,13289
708,6,17240.33,17240.33
709,1,0,0
709,2,28,28
709,3,155,155
709,4,1500.5,1500.5
709,5,15263,15263
709,6,19188.5,19188.5
710,1,0,0
710,2,26.5,26.5
710,3,47.5,47.5
710,4,200,200
710,5,997,997
710,6,1745.5,1745.5
711,1,0,0
711,2,51,0
711,3,72,0
711,4,253,0
711,5,1191,0
711,6,2390,0
712,1,0,0
712,2,0,0
712,3,0,0
712,4,0,0
712,5,0,0
712,6,0,0
713,1,0,0
713,2,0,0
713,3,0,0
713,4,0,0
713,5,0,0
713,6,0,0
714,1,0,0
714,2,0,0
714,3,3,3
714,4,0,0
714,5,15.5,15.5
714,6,28,28
715,1,0,0
715,2,39,0
715,3,119,0
715,4,1570,0
715,5,12669,0
715,6,16122,0
716,1,0,0
716,2,0,0
716,3,1,0
716,4,0,0
716,5,12,0
716,6,46,0
717,1,0,0
717,2,0,0
717,3,1,0
717,4,1,0
717,5,69,0
717,6,179,0
718,1,0,0
718,2,0,0
718,3,0,0
718,4,0,0
718,5,0,0
718,6,0,0
719,1,0,0
719,2,0,0
719,3,0,0
719,4,0,0
719,5,0,0
719,6,0,0
720,1,0,0
720,2,0,0
720,3,0,0
720,4,0,0
720,5,0,0
720,6,0,0
721,1,0,0
721,2,0,0
721,3,0,0
721,4,0,0
721,5,0,0
721,6,0,0
722,1,0,0
722,2,0,0
722,3,1,0
722,4,5,0
722,5,69,0
722,6,41,0
723,1,0,0
723,2,0,0
723,3,0,0
723,4,0,0
723,5,0,0
723,6,0,0
724,1,0,0
724,2,0,0
724,3,0,0
724,4,0,0
724,5,0,0
724,6,0,0
725,1,0,0
725,2,0,0
725,3,0,0
725,4,0,0
725,5,0,0
725,6,0,0
726,1,0,0
726,2,0,0
726,3,0,0
726,4,0,0
726,5,0,0
726,6,0,0
727,1,0,0
727,2,0,0
727,3,0,0
727,4,0,0
727,5,0,0
727,6,0,0
